Индекс;Тип региона;Регион;Город;Часовой пояс;Широта;Долгота;Население
101000;обл;Московская;Москва;UTC+3;55.7538789;37.6203735;11514330
190000;обл;Ленинградская;Санкт-Петербург;UTC+3;59.939125;30.3158225;4848742
630000;обл;Новосибирская;Новосибирск;UTC+7;55.0281016;82.9210575;1498921
620000;обл;Свердловская;Екатеринбург;UTC+5;56.8386326;60.6054887;1377738
603000;обл;Нижегородская;Нижний Новгород;UTC+3;56.3242093;44.0053948;1250615
420000;Респ;Татарстан;Казань;UTC+3;55.7943877;49.1115312;1216965
443000;обл;Самарская;Самара;UTC+4;53.1951657;50.1067691;1164900
644000;обл;Омская;Омск;UTC+6;54.9848136;73.3674638;1154000
454000;обл;Челябинская;Челябинск;UTC+5;55.1603659;61.4007858;1130273
344000;обл;Ростовская;Ростов-на-Дону;UTC+3;47.2224364;39.7187866;1091544
450000;Респ;Башкортостан;Уфа;UTC+5;54.734853;55.9578647;1062300
400000;обл;Волгоградская;Волгоград;UTC+3;48.7072005;44.5170207;1021244
614000;край;Пермский;Пермь;UTC+5;58.0103211;56.2341778;1000679
660000;край;Красноярский;Красноярск;UTC+7;56.009466;92.8524162;973826
394000;обл;Воронежская;Воронеж;UTC+3;51.6592378;39.1968284;889680
410000;обл;Саратовская;Саратов;UTC+4;51.530376;45.9530257;836900
350000;край;Краснодарский;Краснодар;UTC+3;45.040235;38.9760801;744933
445000;обл;Самарская;Тольятти;UTC+4;53.5206438;49.389461;719484
656000;край;Алтайский;Барнаул;UTC+7;53.3481145;83.7798362;635585
426000;Респ;Удмуртская;Ижевск;UTC+4;56.8527444;53.2113961;628117
432000;обл;Ульяновская;Ульяновск;UTC+4;54.3080674;48.3748717;613793
690000;край;Приморский;Владивосток;UTC+10;43.1163807;131.882348;592069
150000;обл;Ярославская;Ярославль;UTC+3;57.6216145;39.897878;591486
664000;обл;Иркутская;Иркутск;UTC+8;52.2863513;104.280655;587225
625000;обл;Тюменская;Тюмень;UTC+5;57.1530824;65.5343118;581758
367000;Респ;Дагестан;Махачкала;UTC+3;42.9848572;47.5046303;577990
680000;край;Хабаровский;Хабаровск;UTC+10;48.4647991;135.0598811;577668
460000;обл;Оренбургская;Оренбург;UTC+5;51.7875191;55.1017379;570329
654000;обл;Кемеровская;Новокузнецк;UTC+7;53.7942757;87.2144046;547885
650000;обл;Кемеровская;Кемерово;UTC+7;55.3909721;86.0467864;532884
390000;обл;Рязанская;Рязань;UTC+3;54.625457;39.7359992;525062
634000;обл;Томская;Томск;UTC+7;56.4847036;84.9481737;522940
414000;обл;Астраханская;Астрахань;UTC+4;46.3655808;48.0559979;520662
440000;обл;Пензенская;Пенза;UTC+3;53.1753884;45.0347408;519592
423800;Респ;Татарстан;Набережные Челны;UTC+3;55.7436475;52.3958739;513242
398000;обл;Липецкая;Липецк;UTC+3;52.6103027;39.5946266;508124
300000;обл;Тульская;Тула;UTC+3;54.192017;37.6153885;501129
610000;обл;Кировская;Киров;UTC+3;58.6035313;49.6679219;473668
428000;Чувашия;Чувашская Республика;Чебоксары;UTC+3;56.1439378;47.2488718;447929
670000;Респ;Бурятия;Улан-Удэ;UTC+8;51.8334378;107.5841511;431922
236001;обл;Калининградская;Калининград;UTC+2;54.7073218;20.5072458;431491
241000;обл;Брянская;Брянск;UTC+3;53.2420071;34.3652716;415640
305000;обл;Курская;Курск;UTC+3;51.7303391;36.1926448;414595
153000;обл;Ивановская;Иваново;UTC+3;56.9994677;40.9728231;409277
455000;обл;Челябинская;Магнитогорск;UTC+5;53.4071891;58.9791432;408401
170000;обл;Тверская;Тверь;UTC+3;56.8585396;35.9117898;403726
355000;край;Ставропольский;Ставрополь;UTC+3;45.0445439;41.9690168;398266
295000;Респ;Крым;Симферополь;UTC+3;44.9482645;34.100117;362366
622000;обл;Свердловская;Нижний Тагил;UTC+5;57.9101038;59.9813242;361883
308000;обл;Белгородская;Белгород;UTC+3;50.5977351;36.5858236;356426
163000;обл;Архангельская;Архангельск;UTC+3;64.5392985;40.5170083;348716
600000;обл;Владимирская;Владимир;UTC+3;56.1281561;40.4082995;348256
299001;край;Крым;Севастополь;UTC+3;44.6167334;33.5253552;344479
354000;край;Краснодарский;Сочи;UTC+3;43.5855829;39.7231419;343285
640002;обл;Курганская;Курган;UTC+5;55.4443448;65.3161339;333640
214000;обл;Смоленская;Смоленск;UTC+3;54.7867168;31.8153366;326863
248000;обл;Калужская;Калуга;UTC+3;54.5060439;36.2515933;325185
672000;край;Забайкальский;Чита;UTC+9;52.0340128;113.4994884;323964
302000;обл;Орловская;Орёл;UTC+3;52.9672573;36.0696479;317854
404100;обл;Волгоградская;Волжский;UTC+3;48.7978483;44.7462417;314436
162600;обл;Вологодская;Череповец;UTC+3;59.1269214;37.9092243;312311
362000;Респ;Северная Осетия - Алания;Владикавказ;UTC+3;43.0205039;44.6819383;311635
183000;обл;Мурманская;Мурманск;UTC+3;69.0076958;33.0686019;307664
628400;АО;Ханты-Мансийский Автономный округ - Югра;Сургут;UTC+5;61.2539773;73.3961726;306703
160000;обл;Вологодская;Вологда;UTC+3;59.2484186;39.8356461;301642
430000;Респ;Мордовия;Саранск;UTC+3;54.1807601;45.1862263;297425
392000;обл;Тамбовская;Тамбов;UTC+3;52.7213021;41.452258;280457
453100;Респ;Башкортостан;Стерлитамак;UTC+5;53.6302498;55.9315707;273432
364000;Респ;Чеченская;Грозный;UTC+3;43.3179243;45.6981102;271596
677000;Респ;Саха /Якутия/;Якутск;UTC+9;62.0280273;129.7325717;269486
156000;обл;Костромская;Кострома;UTC+3;57.8029445;40.9907282;268617
681000;край;Хабаровский;Комсомольск-на-Амуре;UTC+10;50.550011;137.0079286;263906
185000;Респ;Карелия;Петрозаводск;UTC+3;61.78909;34.3596263;263540
347900;обл;Ростовская;Таганрог;UTC+3;47.2094907;38.935154;257692
628600;АО;Ханты-Мансийский Автономный округ - Югра;Нижневартовск;UTC+5;60.9397379;76.5696206;251860
424000;Респ;Марий Эл;Йошкар-Ола;UTC+3;56.6343763;47.8998445;248688
665700;обл;Иркутская;Братск;UTC+8;56.1513951;101.6339892;246348
353900;край;Краснодарский;Новороссийск;UTC+3;44.7234264;37.7687218;241788
606000;обл;Нижегородская;Дзержинск;UTC+3;56.2376438;43.4599363;240762
346500;обл;Ростовская;Шахты;UTC+3;47.7084247;40.2159154;240152
360000;Респ;Кабардино-Балкарская;Нальчик;UTC+3;43.4846312;43.6070316;240095
462400;обл;Оренбургская;Орск;UTC+5;51.2293069;58.4751889;238006
167000;Респ;Коми;Сыктывкар;UTC+3;61.668789;50.8356491;235006
423570;Респ;Татарстан;Нижнекамск;UTC+3;55.6311963;51.814407;234108
665800;обл;Иркутская;Ангарск;UTC+8;52.5448102;103.8885385;233765
309500;обл;Белгородская;Старый Оскол;UTC+3;51.2965991;37.8349849;221163
173000;обл;Новгородская;Великий Новгород;UTC+3;58.5214003;31.2755051;218724
143900;обл;Московская;Балашиха;UTC+3;55.7963352;37.9381413;215353
675000;обл;Амурская;Благовещенск;UTC+9;50.2905935;127.5272186;214397
652701;обл;Кемеровская;Прокопьевск;UTC+7;53.8604562;86.7183428;210150
141400;обл;Московская;Химки;UTC+3;55.8886705;37.4304154;207125
180000;обл;Псковская;Псков;UTC+3;57.819284;28.3318188;203974
659300;край;Алтайский;Бийск;UTC+7;52.5393683;85.2138852;203826
413100;обл;Саратовская;Энгельс;UTC+4;51.4854893;46.1267479;202838
152900;обл;Ярославская;Рыбинск;UTC+3;58.0483802;38.858338;200771
413840;обл;Саратовская;Балаково;UTC+4;52.0222694;47.7828146;199576
164500;обл;Архангельская;Северодвинск;UTC+3;64.56253;39.8182715;192265
352900;край;Краснодарский;Армавир;UTC+3;45.0010338;41.132392;188897
142100;обл;Московская;Подольск;UTC+3;55.4389588;37.57027;187956
141070;обл;Московская;Королев;UTC+3;55.9162558;37.8545224;183452
693000;обл;Сахалинская;Южно-Сахалинск;UTC+11;46.959133;142.7381252;181727
683000;край;Камчатский;Петропавловск-Камчатский;UTC+12;53.0370213;158.6559142;179526
446000;обл;Самарская;Сызрань;UTC+4;53.1557213;48.4745419;178773
663300;край;Красноярский;Норильск;UTC+7;69.3490828;88.2009965;175301
456200;обл;Челябинская;Златоуст;UTC+5;55.1715695;59.6726264;174985
623400;обл;Свердловская;Каменск-Уральский;UTC+5;56.4149095;61.9189837;174710
141000;обл;Московская;Мытищи;UTC+3;55.9104647;37.7363702;173341
140000;обл;Московская;Люберцы;UTC+3;55.700416;37.9606496;171978
347360;обл;Ростовская;Волгодонск;UTC+3;47.5165181;42.1984531;170621
346400;обл;Ростовская;Новочеркасск;UTC+3;47.4119248;40.1042066;169039
655000;Респ;Хакасия;Абакан;UTC+7;53.7223661;91.4437792;165183
692900;край;Приморский;Находка;UTC+10;42.8240404;132.8927812;159695
692500;край;Приморский;Уссурийск;UTC+10;43.79726;131.9517262;157946
618400;край;Пермский;Березники;UTC+5;59.4079898;56.8040725;156350
453250;Респ;Башкортостан;Салават;UTC+5;53.3616311;55.9245559;156085
144000;обл;Московская;Электросталь;UTC+3;55.7847718;38.4446531;155324
456300;обл;Челябинская;Миасс;UTC+5;55.0455774;60.1077757;151812
623100;обл;Свердловская;Первоуральск;UTC+5;56.9081665;59.9429205;149800
658200;край;Алтайский;Рубцовск;UTC+7;51.5013075;81.2077729;146386
423403;Респ;Татарстан;Альметьевск;UTC+3;54.9013662;52.2970654;146309
601900;обл;Владимирская;Ковров;UTC+3;56.3553895;41.3169568;145492
140400;обл;Московская;Коломна;UTC+3;55.1027797;38.7531734;144642
298300;Респ;Крым;Керчь;UTC+3;45.3561128;36.4674285;144600
385000;Респ;Адыгея;Майкоп;UTC+3;44.6098268;40.1006527;144055
357500;край;Ставропольский;Пятигорск;UTC+3;44.0411669;43.0661091;142397
143000;обл;Московская;Одинцово;UTC+3;55.6789292;37.2636389;139021
456600;обл;Челябинская;Копейск;UTC+5;55.1167545;61.6180809;137604
368000;Респ;Дагестан;Хасавюрт;UTC+3;43.2505191;46.5852276;133929
301650;обл;Тульская;Новомосковск;UTC+3;54.0109754;38.2915652;131227
357700;край;Ставропольский;Кисловодск;UTC+3;43.905235;42.7167187;128502
142200;обл;Московская;Серпухов;UTC+3;54.9225396;37.4032682;126496
429950;Чувашия;Чувашская Республика;Новочебоксарск;UTC+3;56.109486;47.4791429;124094
628303;АО;Ханты-Мансийский Автономный округ - Югра;Нефтеюганск;UTC+5;61.0882837;72.6164185;123276
433500;обл;Ульяновская;Димитровград;UTC+4;54.2168446;49.6261645;122549
452680;Респ;Башкортостан;Нефтекамск;UTC+5;56.0883075;54.2483391;121757
369000;Респ;Карачаево-Черкесская;Черкесск;UTC+3;44.2268637;42.0467829;121439
142600;обл;Московская;Орехово-Зуево;UTC+3;55.8151729;38.9870711;120620
368000;Респ;Дагестан;Дербент;UTC+3;42.058935;48.2908653;119961
403870;обл;Волгоградская;Камышин;UTC+3;50.0651261;45.3843816;119924
357100;край;Ставропольский;Невинномысск;UTC+3;44.6227404;41.9476147;118351
143401;обл;Московская;Красногорск;UTC+3;55.8318475;37.32942;116738
602205;обл;Владимирская;Муром;UTC+3;55.5632276;42.023006;116078
346880;обл;Ростовская;Батайск;UTC+3;47.138321;39.7508382;112400
346900;обл;Ростовская;Новошахтинск;UTC+3;47.7576522;39.9364709;111087
141300;обл;Московская;Сергиев Посад;UTC+3;56.3063411;38.1502568;110878
629800;АО;Ямало-Ненецкий;Ноябрьск;UTC+5;63.201846;75.4509665;110572
141100;обл;Московская;Щелково;UTC+3;55.9234303;37.9784419;110380
667000;Респ;Тыва;Кызыл;UTC+7;51.7191542;94.4377234;109906
452601;Респ;Башкортостан;Октябрьский;UTC+5;54.4815344;53.4656611;109379
662150;край;Красноярский;Ачинск;UTC+7;56.2538662;90.47949;109156
636000;обл;Томская;Северск;UTC+7;56.6031143;84.8809687;108466
446200;обл;Самарская;Новокуйбышевск;UTC+4;53.0995303;49.9477662;108449
399770;обл;Липецкая;Елец;UTC+3;52.6151738;38.5289121;108404
297402;Респ;Крым;Евпатория;UTC+3;45.1904322;33.3667685;106840
607220;обл;Нижегородская;Арзамас;UTC+3;55.3947544;43.8407855;106367
249030;обл;Калужская;Обнинск;UTC+3;55.0943892;36.6121785;104798
629300;АО;Ямало-Ненецкий;Новый Уренгой;UTC+5;66.0840036;76.6810032;104144
368300;Респ;Дагестан;Каспийск;UTC+3;42.8916599;47.6366674;103914
358000;Респ;Калмыкия;Элиста;UTC+3;46.3082947;44.2701417;103728
141200;обл;Московская;Пушкино;UTC+3;56.0104548;37.8471438;102840
140180;обл;Московская;Жуковский;UTC+3;55.5998408;38.1224185;102729
692486;край;Приморский;Артем;UTC+10;43.350053;132.1596594;102636
652870;обл;Кемеровская;Междуреченск;UTC+7;53.6865695;88.0703888;101995
652500;обл;Кемеровская;Ленинск-Кузнецкий;UTC+7;54.6674092;86.1796724;101666
427960;Респ;Удмуртская;Сарапул;UTC+4;56.4616117;53.8036967;101390
357600;край;Ставропольский;Ессентуки;UTC+3;44.044461;42.8589078;100969
427430;Респ;Удмуртская;Воткинск;UTC+4;57.0517641;53.9874635;100034
142400;обл;Московская;Ногинск;UTC+3;55.8686239;38.4621635;99762
626109;обл;Тюменская;Тобольск;UTC+5;58.2016828;68.2538392;99698
169300;Респ;Коми;Ухта;UTC+3;63.5564779;53.7014202;99642
624980;обл;Свердловская;Серов;UTC+5;59.6048651;60.5752136;99381
633000;обл;Новосибирская;Бердск;UTC+7;54.7582375;83.1072212;98809
182100;обл;Псковская;Великие Луки;UTC+3;56.3321847;30.550757;98778
393760;обл;Тамбовская;Мичуринск;UTC+3;52.891294;40.510475;98758
652700;обл;Кемеровская;Киселевск;UTC+7;54.0060382;86.6367387;98382
462351;обл;Оренбургская;Новотроицк;UTC+5;51.1965071;58.3017455;97914
422521;Респ;Татарстан;Зеленодольск;UTC+3;55.8466751;48.5010882;97651
618541;край;Пермский;Соликамск;UTC+5;59.6483518;56.7710358;97239
140100;обл;Московская;Раменское;UTC+3;55.549529;38.273015;96355
102321;обл;Московская;Домодедово;UTC+3;55.4363901;37.7666263;96123
685000;обл;Магаданская;Магадан;UTC+11;59.5681763;150.8085289;95925
427620;Респ;Удмуртская;Глазов;UTC+4;58.1359111;52.6634998;95835
347800;обл;Ростовская;Каменск-Шахтинский;UTC+3;48.3204412;40.268874;95306
307170;обл;Курская;Железногорск;UTC+3;52.3378753;35.3516834;95057
663600;край;Красноярский;Канск;UTC+7;56.2049776;95.7051246;94230
386100;Респ;Ингушетия;Назрань;UTC+3;43.2257977;44.764685;93357
188300;обл;Ленинградская;Гатчина;UTC+3;59.5650861;30.1281859;92566
607180;обл;Нижегородская;Саров;UTC+3;54.9227002;43.3447792;92073
624130;обл;Свердловская;Новоуральск;UTC+5;57.2471507;60.095701;91813
140200;обл;Московская;Воскресенск;UTC+3;55.3071305;38.7026949;91301
141700;обл;Московская;Долгопрудный;UTC+3;55.9384901;37.5100527;90976
423230;Респ;Татарстан;Бугульма;UTC+3;54.5363428;52.7895286;89144
442530;обл;Пензенская;Кузнецк;UTC+3;53.1131686;46.6052497;88886
309180;обл;Белгородская;Губкин;UTC+3;51.2836362;37.5347608;88562
155800;обл;Ивановская;Кинешма;UTC+3;57.4425441;42.1690039;88113
353680;край;Краснодарский;Ейск;UTC+3;46.7114611;38.2764915;87771
143960;обл;Московская;Реутов;UTC+3;55.758236;37.8619443;87195
666671;обл;Иркутская;Усть-Илимск;UTC+8;57.9431325;102.7414683;86591
662970;край;Красноярский;Железногорск;UTC+7;56.2529346;93.532167;85559
665450;обл;Иркутская;Усолье-Сибирское;UTC+8;52.7567192;103.6387694;83364
617760;край;Пермский;Чайковский;UTC+5;56.7780203;54.1478482;82933
346780;обл;Ростовская;Азов;UTC+3;47.1120631;39.4232597;82882
461040;обл;Оренбургская;Бузулук;UTC+5;52.7881434;52.2623757;82816
456780;обл;Челябинская;Озерск;UTC+5;55.7631922;60.7076337;82268
412300;обл;Саратовская;Балашов;UTC+4;51.5389502;43.1839828;82222
652050;обл;Кемеровская;Юрга;UTC+7;55.7202689;84.8885516;81536
613040;обл;Кировская;Кирово-Чепецк;UTC+3;58.5559921;50.0317608;80920
352380;край;Краснодарский;Кропоткин;UTC+3;45.4332464;40.5727852;80743
141601;обл;Московская;Клин;UTC+3;56.3424886;36.7240912;80584
623300;обл;Свердловская;Красноуфимск;UTC+5;56.6122864;57.7636958;80457
188800;обл;Ленинградская;Выборг;UTC+3;60.7130748;28.7328813;80013
628000;АО;Ханты-Мансийский Автономный округ - Югра;Ханты-Мансийск;UTC+5;61.0024344;69.0183322;79410
457100;обл;Челябинская;Троицк;UTC+5;54.0844132;61.5585503;78637
606440;обл;Нижегородская;Бор;UTC+3;56.3565179;44.0644851;78079
298600;Респ;Крым;Ялта;UTC+3;44.4951948;34.166386;78040
641870;обл;Курганская;Шадринск;UTC+5;56.0870152;63.6298234;77744
652600;обл;Кемеровская;Белово;UTC+7;54.4221442;86.3036438;76752
357200;край;Ставропольский;Минеральные Воды;UTC+3;44.2088942;43.1383482;76715
652470;обл;Кемеровская;Анжеро-Судженск;UTC+7;56.0787179;86.0202207;76669
679002;Аобл;Еврейская;Биробиджан;UTC+10;48.7945975;132.9217594;75419
141055;обл;Московская;Лобня;UTC+3;56.0328745;37.4614671;74350
658041;край;Алтайский;Новоалтайск;UTC+7;53.4120811;83.9311249;73134
446100;обл;Самарская;Чапаевск;UTC+4;52.9289662;49.8674222;72689
357820;край;Ставропольский;Георгиевск;UTC+3;44.1486421;43.4739718;72126
655151;Респ;Хакасия;Черногорск;UTC+7;53.8258425;91.3259669;72117
662600;край;Красноярский;Минусинск;UTC+7;53.7105509;91.6871866;71171
356240;край;Ставропольский;Михайловск;UTC+3;45.1296297;42.028787;71018
423600;Респ;Татарстан;Елабуга;UTC+3;55.7566727;52.0544438;70750
141980;обл;Московская;Дубна;UTC+3;56.7417949;37.1757163;70569
169900;Респ;Коми;Воркута;UTC+3;67.4973484;64.0611045;70551
140300;обл;Московская;Егорьевск;UTC+3;55.3831326;39.0358236;70133
624260;обл;Свердловская;Асбест;UTC+5;57.0052428;61.4581071;70067
298100;Респ;Крым;Феодосия;UTC+3;45.031878;35.3824772;69786
627705;обл;Тюменская;Ишим;UTC+5;56.0952037;69.4643292;69567
453500;Респ;Башкортостан;Белорецк;UTC+5;53.9675927;58.4099562;68804
676805;обл;Амурская;Белогорск;UTC+9;50.9212235;128.4738742;68220
617470;край;Пермский;Кунгур;UTC+5;57.4283217;56.9437787;67857
618900;край;Пермский;Лысьва;UTC+5;58.0995987;57.8085728;67712
347870;обл;Ростовская;Гуково;UTC+3;48.0449422;39.9484635;67268
142800;обл;Московская;Ступино;UTC+3;54.9238403;38.1186976;66942
452750;Респ;Башкортостан;Туймазы;UTC+5;54.5999889;53.6949081;66849
607650;обл;Нижегородская;Кстово;UTC+3;56.1433353;44.1665081;66641
412900;обл;Саратовская;Вольск;UTC+4;52.0459932;47.3873504;66520
453200;Респ;Башкортостан;Ишимбай;UTC+5;53.4546314;56.043874;66259
663690;край;Красноярский;Зеленогорск;UTC+7;56.1133001;94.5888736;66018
188540;обл;Ленинградская;Сосновый Бор;UTC+3;59.8772921;29.1290866;65901
368220;Респ;Дагестан;Буйнакск;UTC+3;42.8213799;47.1164452;65735
397160;обл;Воронежская;Борисоглебск;UTC+3;51.3654619;42.100947;65585
143300;обл;Московская;Наро-Фоминск;UTC+3;55.3802749;36.7608038;64640
356800;край;Ставропольский;Буденновск;UTC+3;44.7814437;44.1650859;64628
301760;обл;Тульская;Донской;UTC+3;53.9679582;38.3372104;64561
623382;обл;Свердловская;Полевской;UTC+5;56.4958085;60.2366314;64316
423250;Респ;Татарстан;Лениногорск;UTC+3;54.5966917;52.4432118;64145
142500;обл;Московская;Павловский Посад;UTC+3;55.7806718;38.6596047;63771
353560;край;Краснодарский;Славянск-на-Кубани;UTC+3;45.2605079;38.1260725;63768
442960;обл;Пензенская;Заречный;UTC+3;53.1961009;45.1691502;63579
352800;край;Краснодарский;Туапсе;UTC+3;44.1103707;39.082645;63233
396650;обл;Воронежская;Россошь;UTC+3;50.170089;39.6225534;62865
649000;Респ;Алтай;Горно-Алтайск;UTC+7;51.9582681;85.9602957;62861
453300;Респ;Башкортостан;Кумертау;UTC+5;52.7565537;55.7969915;62854
352500;край;Краснодарский;Лабинск;UTC+3;44.6353153;40.724385;62822
453830;Респ;Башкортостан;Сибай;UTC+5;52.7205811;58.6663303;62732
243140;обл;Брянская;Клинцы;UTC+3;52.7529052;32.2339161;62510
172380;обл;Тверская;Ржев;UTC+3;56.2629393;34.3291178;62026
352120;край;Краснодарский;Тихорецк;UTC+3;45.8546953;40.1258702;61825
678960;Респ;Саха /Якутия/;Нерюнгри;UTC+9;56.6600322;124.72031;61746
301352;обл;Тульская;Алексин;UTC+3;54.5083788;37.047891;61738
623280;обл;Свердловская;Ревда;UTC+5;56.79869;59.9071464;61713
601650;обл;Владимирская;Александров;UTC+3;56.3919652;38.711035;61544
141800;обл;Московская;Дмитров;UTC+3;56.3477176;37.5267184;61454
453853;Респ;Башкортостан;Мелеуз;UTC+5;52.9590637;55.9283483;61408
347630;обл;Ростовская;Сальск;UTC+3;46.4751689;41.5412229;61312
662541;край;Красноярский;Лесосибирск;UTC+7;58.2218201;92.5036986;61146
601500;обл;Владимирская;Гусь-Хрустальный;UTC+3;55.6198065;40.6578769;60773
422951;Респ;Татарстан;Чистополь;UTC+3;55.3699372;50.628495;60703
606100;обл;Нижегородская;Павлово;UTC+3;55.9797995;43.0996232;60699
142300;обл;Московская;Чехов;UTC+3;55.1507175;37.4532591;60677
165300;обл;Архангельская;Котлас;UTC+3;61.2529842;46.6331915;60562
452000;Респ;Башкортостан;Белебей;UTC+5;54.1033832;54.1111878;60183
;обл;Новосибирская;Искитим;UTC+7;54.6266869;83.2951444;60072
624440;обл;Свердловская;Краснотурьинск;UTC+5;59.7636934;60.1934451;59701
184200;обл;Мурманская;Апатиты;UTC+3;67.5678295;33.4067218;59690
188640;обл;Ленинградская;Всеволожск;UTC+3;60.0190094;30.6455834;59689
361040;Респ;Кабардино-Балкарская;Прохладный;UTC+3;43.7589521;44.0101936;59595
403340;обл;Волгоградская;Михайловка;UTC+3;50.0708749;43.2400847;59153
353440;край;Краснодарский;Анапа;UTC+3;44.8950777;37.3163142;58983
187550;обл;Ленинградская;Тихвин;UTC+3;59.6273809;33.5072307;58843
624090;обл;Свердловская;Верхняя Пышма;UTC+5;56.9757833;60.564885;58707
676450;обл;Амурская;Свободный;UTC+9;51.361264;128.1218995;58594
141280;обл;Московская;Ивантеевка;UTC+3;55.9742303;37.9208755;58594
155900;обл;Ивановская;Шуя;UTC+3;56.8560743;41.3802455;58528
628481;АО;Ханты-Мансийский Автономный округ - Югра;Когалым;UTC+5;62.2638914;74.4828687;58192
301240;обл;Тульская;Щекино;UTC+3;54.0020749;37.517686;58154
445350;обл;Самарская;Жигулевск;UTC+4;53.4011545;49.494529;57565
353380;край;Краснодарский;Крымск;UTC+3;44.9344108;37.9855314;57370
215110;обл;Смоленская;Вязьма;UTC+3;55.2115563;34.2951196;57103
142700;обл;Московская;Видное;UTC+3;55.5518323;37.7062062;56798
692330;край;Приморский;Арсеньев;UTC+10;44.16208;133.269622;56742
368500;Респ;Дагестан;Избербаш;UTC+3;42.565098;47.871002;56301
607060;обл;Нижегородская;Выкса;UTC+3;55.3207103;42.1679169;56196
397900;обл;Воронежская;Лиски;UTC+3;50.9944734;39.518302;55864
425000;Респ;Марий Эл;Волжск;UTC+3;55.8622987;48.371553;55671
674670;край;Забайкальский;Краснокаменск;UTC+9;50.092858;118.0323407;55668
141190;обл;Московская;Фрязино;UTC+3;55.9590154;38.0409171;55449
301600;обл;Тульская;Узловая;UTC+3;53.9731407;38.1763104;55282
140080;обл;Московская;Лыткарино;UTC+3;55.5778065;37.9034952;55147
628180;АО;Ханты-Мансийский Автономный округ - Югра;Нягань;UTC+5;62.1454839;65.3944361;54903
216500;обл;Смоленская;Рославль;UTC+3;53.9449601;32.8479617;54898
353460;край;Краснодарский;Геленджик;UTC+3;44.5631053;38.0790184;54813
174400;обл;Новгородская;Боровичи;UTC+3;58.3839866;33.9176761;54731
352700;край;Краснодарский;Тимашевск;UTC+3;45.6159358;38.9350513;53921
352630;край;Краснодарский;Белореченск;UTC+3;44.7652733;39.8780457;53891
141501;обл;Московская;Солнечногорск;UTC+3;56.2148655;37.0967653;52996
662200;край;Красноярский;Назарово;UTC+7;56.0113176;90.4167947;52829
187110;обл;Ленинградская;Кириши;UTC+3;59.4742626;32.0625536;52826
665400;обл;Иркутская;Черемхово;UTC+8;53.1369385;103.090119;52650
617060;край;Пермский;Краснокамск;UTC+5;58.0820946;55.7479797;52632
624200;обл;Свердловская;Лесной;UTC+5;58.634981;59.7980528;52464
171150;обл;Тверская;Вышний Волочек;UTC+3;57.5683326;34.5402931;52326
461630;обл;Оренбургская;Бугуруслан;UTC+5;53.6522636;52.4326166;52249
623700;обл;Свердловская;Березовский;UTC+5;56.9096284;60.8180256;51583
606407;обл;Нижегородская;Балахна;UTC+3;56.4949932;43.5758953;51526
303850;обл;Орловская;Ливны;UTC+3;52.4285122;37.603944;50430
346330;обл;Ростовская;Донецк;UTC+3;48.3350928;39.9460654;50085
184601;обл;Мурманская;Североморск;UTC+3;69.0765029;33.4178354;50076
655602;Респ;Хакасия;Саяногорск;UTC+7;53.1008226;91.4121643;49889
171500;обл;Тверская;Кимры;UTC+3;56.873359;37.3557064;49623
628680;АО;Ханты-Мансийский Автономный округ - Югра;Мегион;UTC+5;61.0318946;76.1024772;49471
368830;Респ;Дагестан;Кизляр;UTC+3;43.8483915;46.7232828;49169
366500;Респ;Чеченская;Чечня;UTC+3;43.1276072;45.5406838;49071
456770;обл;Челябинская;Снежинск;UTC+5;56.085232;60.7324989;48896
188456;обл;Ленинградская;Кингисепп;UTC+3;59.3739407;28.6112981;48667
352430;край;Краснодарский;Курганинск;UTC+3;44.8876442;40.5913858;47974
666031;обл;Иркутская;Шелехов;UTC+8;52.2102462;104.0973531;47960
427770;Респ;Удмуртская;Можга;UTC+4;56.4427219;52.2138882;47959
188650;обл;Ленинградская;Сертолово;UTC+3;60.14458;30.2094595;47854
215800;обл;Смоленская;Ярцево;UTC+3;55.0564933;32.6902457;47853
366300;Респ;Чеченская;Шали;UTC+3;43.148776;45.9009577;47715
446300;обл;Самарская;Отрадный;UTC+4;53.3800609;51.3438695;47709
172000;обл;Тверская;Торжок;UTC+3;57.0412804;34.9600691;47702
431440;Респ;Мордовия;Рузаевка;UTC+3;54.0583238;44.949116;47529
187401;обл;Ленинградская;Волхов;UTC+3;59.9006057;32.35212;47344
652420;обл;Кемеровская;Березовский;UTC+7;55.6692853;86.2744636;47292
632380;обл;Новосибирская;Куйбышев;UTC+7;55.4684104;78.3241042;47278
140090;обл;Московская;Дзержинский;UTC+3;55.6241079;37.8440691;47125
659100;край;Алтайский;Заринск;UTC+7;53.7063495;84.9314703;47035
399050;обл;Липецкая;Грязи;UTC+3;52.4873931;39.9331785;46798
618200;край;Пермский;Чусовой;UTC+5;58.2974725;57.8193122;46740
629733;АО;Ямало-Ненецкий;Надым;UTC+5;65.5377514;72.5182746;46550
624760;обл;Свердловская;Верхняя Салда;UTC+5;58.0466039;60.5560397;46240
215500;обл;Смоленская;Сафоново;UTC+3;55.1199868;33.233799;46116
652800;обл;Кемеровская;Осинники;UTC+7;53.5987397;87.3369948;45997
601780;обл;Владимирская;Кольчугино;UTC+3;56.3327616;39.391201;45804
366200;Респ;Чеченская;Гудермес;UTC+3;43.3519164;46.1036052;45643
429330;Чувашия;Чувашская Республика;Канаш;UTC+3;55.5069543;47.4917734;45608
392000;обл;Тамбовская;Рассказово;UTC+3;52.6537517;41.8743779;45484
456913;обл;Челябинская;Сатка;UTC+5;55.0404497;59.0288153;45465
184505;обл;Мурманская;Мончегорск;UTC+3;67.9385206;32.9358886;45381
666780;обл;Иркутская;Усть-Кут;UTC+8;56.7928049;105.7756883;45061
665250;обл;Иркутская;Тулун;UTC+8;54.5571409;100.5779402;44603
309290;обл;Белгородская;Шебекино;UTC+3;50.4005506;36.8877988;44277
692230;край;Приморский;Спасск-Дальний;UTC+10;44.5900929;132.8157564;44166
347040;обл;Ростовская;Белая Калитва;UTC+3;48.176948;40.8033169;43688
169600;Респ;Коми;Печора;UTC+3;65.1485717;57.22388;43458
456439;обл;Челябинская;Чебаркуль;UTC+5;54.9819329;60.3773305;43405
628461;АО;Ханты-Мансийский Автономный округ - Югра;Радужный;UTC+5;62.1343067;77.4584346;43394
352330;край;Краснодарский;Усть-Лабинск;UTC+3;45.222676;39.6930239;43268
303030;обл;Орловская;Мценск;UTC+3;53.2790021;36.574992;43216
652840;обл;Кемеровская;Мыски;UTC+7;53.7125516;87.8056657;43029
682640;край;Хабаровский;Амурск;UTC+10;50.2345017;136.8791135;42977
307250;обл;Курская;Курчатов;UTC+3;51.6605475;35.6571711;42691
624350;обл;Свердловская;Качканар;UTC+5;58.7051759;59.4840198;42563
629000;АО;Ямало-Ненецкий;Салехард;UTC+5;66.5493568;66.6083994;42494
301840;обл;Тульская;Ефремов;UTC+3;53.1465725;38.0922412;42350
636780;обл;Томская;Стрежевой;UTC+7;60.7328199;77.6040323;42216
346720;обл;Ростовская;Аксай;UTC+3;47.2676075;39.8755485;41984
152020;обл;Ярославская;Переславль-Залесский;UTC+3;56.7360435;38.8543064;41923
416500;обл;Астраханская;Ахтубинск;UTC+4;48.2753078;46.1906741;41898
142900;обл;Московская;Кашира;UTC+3;54.8534263;38.1903818;41880
423520;Респ;Татарстан;Заинск;UTC+3;55.2988854;52.0063634;41798
658700;край;Алтайский;Камень-на-Оби;UTC+7;53.7915454;81.3545173;41787
238750;обл;Калининградская;Советск;UTC+2;55.0810474;21.8886272;41709
413720;обл;Саратовская;Пугачев;UTC+4;52.0158464;48.7972652;41705
628671;АО;Ханты-Мансийский Автономный округ - Югра;Лангепас;UTC+5;61.2536667;75.1807905;41675
452450;Респ;Башкортостан;Бирск;UTC+5;55.4157107;55.5582335;41637
403110;обл;Волгоградская;Урюпинск;UTC+3;50.7904767;42.0288589;41594
393950;обл;Тамбовская;Моршанск;UTC+3;53.4436469;41.8115687;41550
628383;АО;Ханты-Мансийский Автономный округ - Югра;Пыть-Ях;UTC+5;60.7585769;72.8366445;41453
171250;обл;Тверская;Конаково;UTC+3;56.7275533;36.8011699;41303
412030;обл;Саратовская;Ртищево;UTC+4;52.2616298;43.7842399;41295
601440;обл;Владимирская;Вязники;UTC+3;56.2976528;42.2687311;41252
353180;край;Краснодарский;Кореновск;UTC+3;45.4640868;39.4590178;41179
169710;Респ;Коми;Усинск;UTC+3;65.9941116;57.5570054;41100
152300;обл;Ярославская;Тутаев;UTC+3;57.8674237;39.5368234;41001
346350;обл;Ростовская;Красный Сулин;UTC+3;47.8830826;40.0781385;40866
666300;обл;Иркутская;Саянск;UTC+8;54.1107787;102.1802563;40786
164900;обл;Архангельская;Новодвинск;UTC+3;64.4136023;40.8208003;40612
243020;обл;Брянская;Новозыбков;UTC+3;52.5371426;31.9356826;40552
249400;обл;Калужская;Людиново;UTC+3;53.8701406;34.4385498;40550
356140;край;Ставропольский;Изобильный;UTC+3;45.3684342;41.7086448;40546
652150;обл;Кемеровская;Мариинск;UTC+7;56.2127836;87.7454392;40522
238150;обл;Калининградская;Черняховск;UTC+2;54.6243928;21.7969179;40464
606520;обл;Нижегородская;Заволжье;UTC+3;56.6404237;43.3871565;40265
352690;край;Краснодарский;Апшеронск;UTC+3;44.4585239;39.7300092;40229
165650;обл;Архангельская;Коряжма;UTC+3;61.2885993;47.1002315;39629
442240;обл;Пензенская;Каменка;UTC+3;53.1855474;44.0468501;39579
684000;край;Камчатский;Елизово;UTC+12;53.1829573;158.3882833;39548
403530;обл;Волгоградская;Фролово;UTC+3;49.7647809;43.6648936;39489
628280;АО;Ханты-Мансийский Автономный округ - Югра;Урай;UTC+5;60.1295842;64.8040117;39435
692801;край;Приморский;Большой Камень;UTC+10;43.1112737;132.3480354;39257
187000;обл;Ленинградская;Тосно;UTC+3;59.5406697;30.8777872;39127
309850;обл;Белгородская;Алексеевка;UTC+3;50.6299932;38.6881776;39026
456550;обл;Челябинская;Коркино;UTC+5;54.8903023;61.4034541;38950
456870;обл;Челябинская;Кыштым;UTC+5;55.7060048;60.5563271;38950
628449;АО;Ханты-Мансийский Автономный округ - Югра;Лянтор;UTC+5;61.6391639;72.1793828;38922
363750;Респ;Северная Осетия - Алания;Моздок;UTC+3;43.7471209;44.6571456;38748
623750;обл;Свердловская;Реж;UTC+5;57.3717914;61.3833223;38709
692851;край;Приморский;Партизанск;UTC+10;43.1279833;133.1264754;38648
662310;край;Красноярский;Шарыпово;UTC+7;55.5389684;89.1801557;38570
356530;край;Ставропольский;Светлоград;UTC+3;45.3284769;42.8566923;38520
162129;обл;Вологодская;Сокол;UTC+3;59.4759156;40.1114414;38454
623850;обл;Свердловская;Ирбит;UTC+5;57.6838406;63.0576639;38352
462631;обл;Оренбургская;Гай;UTC+5;51.4649138;58.4436189;38302
429820;Чувашия;Чувашская Республика;Алатырь;UTC+3;54.8398179;46.5721423;38202
624600;обл;Свердловская;Алапаевск;UTC+5;57.8475542;61.6693934;38198
353500;край;Краснодарский;Темрюк;UTC+3;45.2611082;37.445519;38014
457040;обл;Челябинская;Южноуральск;UTC+5;54.4490124;61.2581869;37890
453700;Респ;Башкортостан;Учалы;UTC+5;54.3066965;59.4126559;37771
155330;обл;Ивановская;Вичуга;UTC+3;57.2044545;41.9131192;37609
692437;край;Приморский;Дальнегорск;UTC+10;44.5539909;135.5662536;37503
142280;обл;Московская;Протвино;UTC+3;54.8706614;37.2183307;37308
678170;Респ;Саха /Якутия/;Мирный;UTC+9;62.5362511;113.9668146;37179
665100;обл;Иркутская;Нижнеудинск;UTC+8;54.8969105;99.0313481;37056
692031;край;Приморский;Лесозаводск;UTC+10;45.4780192;133.4185501;36975
361500;Респ;Кабардино-Балкарская;Баксан;UTC+3;43.6820621;43.5345627;36857
363020;Респ;Северная Осетия - Алания;Беслан;UTC+3;43.1937634;44.5338746;36724
627010;обл;Тюменская;Ялуторовск;UTC+5;56.649167;66.297034;36494
346130;обл;Ростовская;Миллерово;UTC+3;48.925821;40.3983302;36493
188230;обл;Ленинградская;Луга;UTC+3;58.7373818;29.8466657;36409
368120;Респ;Дагестан;Кизилюрт;UTC+3;43.2039094;46.8729311;36187
155520;обл;Ивановская;Фурманов;UTC+3;57.2538043;41.1053808;36149
143090;обл;Московская;Краснознаменск;UTC+3;55.5978962;37.0395137;36057
357910;край;Ставропольский;Зеленокумск;UTC+3;44.403359;43.8841326;35790
607010;обл;Нижегородская;Кулебаки;UTC+3;55.429716;42.512483;35762
618730;край;Пермский;Добрянка;UTC+5;58.4696353;56.4131294;35720
296100;Респ;Крым;Джанкой;UTC+3;45.7092436;34.388332;35700
184042;обл;Мурманская;Кандалакша;UTC+3;67.1567298;32.4142303;35659
676280;обл;Амурская;Тында;UTC+9;55.1546401;124.7468634;35574
665000;обл;Иркутская;Тайшет;UTC+8;55.9405397;98.0030649;35481
623950;обл;Свердловская;Тавда;UTC+5;58.0434196;65.2743232;35421
442890;обл;Пензенская;Сердобск;UTC+3;52.4697532;44.2122688;35393
309990;обл;Белгородская;Валуйки;UTC+3;50.2112799;38.0998765;35322
352190;край;Краснодарский;Гулькевичи;UTC+3;45.3605769;40.6918484;35225
612960;обл;Кировская;Вятские Поляны;UTC+3;56.2286058;51.0614666;35159
143500;обл;Московская;Истра;UTC+3;55.9061087;36.8600854;35106
155040;обл;Ивановская;Тейково;UTC+3;56.8542712;40.5355289;34993
353320;край;Краснодарский;Абинск;UTC+3;44.8679931;38.1618437;34926
423330;Респ;Татарстан;Азнакаево;UTC+3;54.8599054;53.0745505;34859
352240;край;Краснодарский;Новокубанск;UTC+3;45.1038782;41.0473679;34847
624800;обл;Свердловская;Сухой Лог;UTC+5;56.9075938;62.0358708;34836
152610;обл;Ярославская;Углич;UTC+3;57.5223866;38.3019793;34505
446430;обл;Самарская;Кинель;UTC+4;53.2209985;50.6343039;34472
453430;Респ;Башкортостан;Благовещенск;UTC+5;55.0499592;55.955309;34246
628260;АО;Ханты-Мансийский Автономный округ - Югра;Югорск;UTC+5;61.3124504;63.3364787;34066
613150;обл;Кировская;Слободской;UTC+3;58.7311934;50.1670091;33983
397837;обл;Воронежская;Острогожск;UTC+3;50.8678083;39.0406398;33842
456080;обл;Челябинская;Трехгорный;UTC+5;54.8178174;58.4465039;33678
188560;обл;Ленинградская;Сланцы;UTC+3;59.1178693;28.088106;33587
694020;обл;Сахалинская;Корсаков;UTC+11;46.6323995;142.7994094;33526
391300;обл;Рязанская;Касимов;UTC+3;54.9373788;41.3912912;33494
429120;Чувашия;Чувашская Республика;Шумерля;UTC+3;55.4961795;46.4183534;33412
629601;АО;Ямало-Ненецкий;Муравленко;UTC+5;63.794188;74.494913;33401
617830;край;Пермский;Чернушка;UTC+5;56.5161079;56.0763919;33275
662500;край;Красноярский;Сосновоборск;UTC+7;56.1202088;93.3353411;33090
624300;обл;Свердловская;Кушва;UTC+5;58.2825406;59.7646113;33027
186220;Респ;Карелия;Кондопога;UTC+3;62.2059866;34.2681778;32978
623780;обл;Свердловская;Артемовский;UTC+5;57.3384162;61.8946599;32878
140700;обл;Московская;Шатура;UTC+3;55.5777942;39.5443781;32836
356420;край;Ставропольский;Благодарный;UTC+3;45.0990834;43.4307042;32736
238520;обл;Калининградская;Балтийск;UTC+2;54.6514128;19.9141911;32670
396070;обл;Воронежская;Нововоронеж;UTC+3;51.3092463;39.2162865;32635
423040;Респ;Татарстан;Нурлат;UTC+3;54.4281578;50.8050431;32600
665382;обл;Иркутская;Зима;UTC+8;53.9206865;102.0492066;32522
;обл;Московская;Котельники;UTC+3;55.659898;37.8632865;32347
353860;край;Краснодарский;Приморско-Ахтарск;UTC+3;46.0515;38.1704654;32253
175200;обл;Новгородская;Старая Русса;UTC+3;57.9906873;31.3555076;32235
169840;Респ;Коми;Инта;UTC+3;66.0368196;60.1154612;32021
456015;обл;Челябинская;Аша;UTC+5;54.9907105;57.2783704;31916
301830;обл;Тульская;Богородицк;UTC+3;53.7700516;38.1225308;31897
249440;обл;Калужская;Киров;UTC+3;54.0790823;34.3077508;31888
393190;обл;Тамбовская;Котовск;UTC+3;52.592393;41.5102486;31851
152150;обл;Ярославская;Ростов;UTC+3;57.2050177;39.4378357;31791
623530;обл;Свердловская;Богданович;UTC+5;56.7764419;62.0463692;31752
215010;обл;Смоленская;Гагарин;UTC+3;55.5526532;34.9949049;31721
361330;Респ;Кабардино-Балкарская;Нарткала;UTC+3;43.5577208;43.8576411;31679
162390;обл;Вологодская;Великий Устюг;UTC+3;60.7603243;46.3053893;31664
413075;обл;Саратовская;Маркс;UTC+4;51.7133973;46.7400684;31535
143200;обл;Московская;Можайск;UTC+3;55.5069819;36.0240724;31388
674600;край;Забайкальский;Борзя;UTC+9;50.3875437;116.5235682;31376
142670;обл;Московская;Ликино-Дулево;UTC+3;55.7078531;38.9577103;31331
452320;Респ;Башкортостан;Дюртюли;UTC+5;55.4848047;54.8524875;31272
412540;обл;Саратовская;Петровск;UTC+4;52.3093782;45.3851649;31158
386230;Респ;Ингушетия;Карабулак;UTC+3;43.3054762;44.9094521;31081
386300;Респ;Ингушетия;Малгобек;UTC+3;43.5097009;44.5901517;31076
171841;обл;Тверская;Удомля;UTC+3;57.8787885;35.016716;31048
694620;обл;Сахалинская;Холмск;UTC+11;47.0408637;142.0416619;30936
619000;край;Пермский;Кудымкар;UTC+5;59.0168605;54.6573459;30711
606500;обл;Нижегородская;Городец;UTC+3;56.6447459;43.4722975;30699
368670;Респ;Дагестан;Дагестанские Огни;UTC+3;42.1151021;48.1939983;30671
369300;Респ;Карачаево-Черкесская;Усть-Джегута;UTC+3;44.083852;41.971128;30602
456800;обл;Челябинская;Верхний Уфалей;UTC+5;56.0487252;60.231963;30504
249091;обл;Калужская;Малоярославец;UTC+3;55.0176756;36.4632122;30401
391800;обл;Рязанская;Скопин;UTC+3;53.8236028;39.5493286;30374
658820;край;Алтайский;Славгород;UTC+7;52.9993053;78.6459674;30370
164170;обл;Архангельская;Мирный;UTC+3;62.7644267;40.3359976;30259
632330;обл;Новосибирская;Барабинск;UTC+7;55.3515917;78.3465012;30250
456580;обл;Челябинская;Еманжелинск;UTC+5;54.7554084;61.3243985;30218
461900;обл;Оренбургская;Сорочинск;UTC+5;52.4265081;53.1542123;30136
353280;край;Краснодарский;Горячий Ключ;UTC+3;44.6343251;39.1356421;30093
601010;обл;Владимирская;Киржач;UTC+3;56.1485263;38.8635035;30044
140500;обл;Московская;Луховицы;UTC+3;54.9651617;39.0261346;29849
216400;обл;Смоленская;Десногорск;UTC+3;54.1465117;33.2834063;29677
186420;Респ;Карелия;Сегежа;UTC+3;63.7437211;34.3126755;29660
296000;Респ;Крым;Красноперекопск;UTC+3;45.9537956;33.7921523;29564
;Респ;Чеченская;Аргун;UTC+3;43.2918071;45.8724383;29528
242600;обл;Брянская;Дятьково;UTC+3;53.5958283;34.355092;29438
153510;обл;Ивановская;Кохма;UTC+3;56.9325151;41.0933071;29408
416540;обл;Астраханская;Знаменск;UTC+4;48.5865618;45.7367908;29357
143530;обл;Московская;Дедовск;UTC+3;55.8704718;37.1244724;29280
624480;обл;Свердловская;Североуральск;UTC+5;60.1533333;59.9525274;29279
457353;обл;Челябинская;Карталы;UTC+5;53.0536101;60.647712;29136
624930;обл;Свердловская;Карпинск;UTC+5;59.7664444;60.0011798;29118
632860;обл;Новосибирская;Карасук;UTC+7;53.7343772;78.042457;28929
184250;обл;Мурманская;Кировск;UTC+3;67.6150979;33.6637196;28659
652300;обл;Кемеровская;Топки;UTC+7;55.2766036;85.6153223;28642
298500;Респ;Крым;Алушта;UTC+3;44.6764419;34.4100387;28642
658125;край;Алтайский;Алейск;UTC+7;52.4920914;82.7794145;28528
301720;обл;Тульская;Кимовск;UTC+3;53.9698378;38.5380267;28493
186930;Респ;Карелия;Костомукша;UTC+3;64.5889946;30.6015567;28433
663081;край;Красноярский;Дивногорск;UTC+7;55.9577868;92.380085;28271
238050;обл;Калининградская;Гусев;UTC+2;54.5915477;22.1944114;28260
446450;обл;Самарская;Похвистнево;UTC+4;53.6498197;52.1235517;28181
391430;обл;Рязанская;Сасово;UTC+3;54.350807;41.9117458;28117
169500;Респ;Коми;Сосногорск;UTC+3;63.5990137;53.8762792;27809
682800;край;Хабаровский;Советская Гавань;UTC+10;48.9664554;140.2852223;27712
356880;край;Ставропольский;Нефтекумск;UTC+3;44.7544866;44.9865041;27700
347210;обл;Ростовская;Морозовск;UTC+3;48.3511724;41.8308006;27644
652560;обл;Кемеровская;Полысаево;UTC+7;54.6053968;86.2808803;27624
692130;край;Приморский;Дальнереченск;UTC+10;45.9307882;133.7316542;27601
618250;край;Пермский;Губаха;UTC+5;58.837024;57.5544441;27544
462271;обл;Оренбургская;Медногорск;UTC+5;51.4039421;57.5832185;27253
445240;обл;Самарская;Октябрьск;UTC+4;53.1640886;48.6707463;27244
397500;обл;Воронежская;Бутурлиновка;UTC+3;50.8313227;40.5977541;27208
452800;Респ;Башкортостан;Янаул;UTC+5;56.2650336;54.9298314;26988
629400;АО;Ямало-Ненецкий;Лабытнанги;UTC+5;66.6592376;66.3882628;26948
404500;обл;Волгоградская;Калач-на-Дону;UTC+3;48.6887569;43.5306866;26892
624860;обл;Свердловская;Камышлов;UTC+5;56.8465469;62.7120432;26875
347740;обл;Ростовская;Зерноград;UTC+3;46.8494991;40.312765;26850
393460;обл;Тамбовская;Уварово;UTC+3;51.9768835;42.2529568;26829
624250;обл;Свердловская;Заречный;UTC+5;56.8103345;61.3380592;26803
356000;край;Ставропольский;Новоалександровск;UTC+3;45.4933561;41.2154482;26759
361110;Респ;Кабардино-Балкарская;Майский;UTC+3;43.6281779;44.0516663;26755
646530;обл;Омская;Тара;UTC+6;56.9159171;74.3649643;26664
357300;край;Ставропольский;Новопавловск;UTC+3;43.9617565;43.6342855;26556
628240;АО;Ханты-Мансийский Автономный округ - Югра;Советский;UTC+5;61.3706695;63.566863;26434
298400;Респ;Крым;Бахчисарай;UTC+3;44.751388;33.8750341;26363
249000;обл;Калужская;Балабаново;UTC+3;55.1773652;36.6567255;26337
155250;обл;Ивановская;Родники;UTC+3;57.1024137;41.7298908;26318
461504;обл;Оренбургская;Соль-Илецк;UTC+5;51.1634976;54.9895391;26308
141290;обл;Московская;Красноармейск;UTC+3;51.0268595;45.7011086;26294
243300;обл;Брянская;Унеча;UTC+3;52.8460665;32.6757071;26196
462240;обл;Оренбургская;Кувандык;UTC+5;51.4784845;57.3612029;26176
;обл;Новосибирская;Обь;UTC+7;54.9945882;82.6937925;26137
665650;обл;Иркутская;Железногорск-Илимский;UTC+8;56.5847382;104.1141747;26134
632120;обл;Новосибирская;Татарск;UTC+7;55.2145894;75.9740805;26114
356630;край;Ставропольский;Ипатово;UTC+3;45.7181897;42.8969695;26055
396900;обл;Воронежская;Семилуки;UTC+3;51.6951846;39.0189797;26025
646020;обл;Омская;Исилькуль;UTC+6;54.9096156;71.2816107;25905
140560;обл;Московская;Озеры;UTC+3;54.8539944;38.55987;25788
157000;обл;Костромская;Буй;UTC+3;58.473445;41.5306746;25763
627139;обл;Тюменская;Заводоуковск;UTC+5;56.5012193;66.5505094;25657
187340;обл;Ленинградская;Кировск;UTC+3;59.875371;30.9815205;25633
412420;обл;Саратовская;Аткарск;UTC+4;51.8736331;45.0003199;25620
636840;обл;Томская;Асино;UTC+7;56.9908444;86.1765724;25614
301260;обл;Тульская;Киреевск;UTC+3;53.9321173;37.9220791;25585
607600;обл;Нижегородская;Богородск;UTC+3;56.1019905;43.513678;25497
652400;обл;Кемеровская;Тайга;UTC+7;56.0622767;85.6207907;25330
624191;обл;Свердловская;Невьянск;UTC+5;57.491233;60.2181839;25147
396420;обл;Воронежская;Павловск;UTC+3;50.4533684;40.1369087;25126
676151;обл;Амурская;Зея;UTC+9;53.7339151;127.2658079;25042
612600;обл;Кировская;Котельнич;UTC+3;58.3035238;48.3474288;24979
624330;обл;Свердловская;Красноуральск;UTC+5;58.3486334;60.0409011;24973
678141;Респ;Саха /Якутия/;Ленск;UTC+9;60.7276036;114.9549103;24955
652780;обл;Кемеровская;Гурьевск;UTC+7;54.2860005;85.947723;24816
140600;обл;Московская;Зарайск;UTC+3;54.7625993;38.8851485;24648
171980;обл;Тверская;Бежецк;UTC+3;57.7861144;36.6903445;24517
357400;край;Ставропольский;Железноводск;UTC+3;44.1320689;43.0306475;24496
606605;обл;Нижегородская;Семенов;UTC+3;56.788935;44.4903571;24472
412800;обл;Саратовская;Красноармейск;UTC+4;51.0236026;45.695141;24362
636460;обл;Томская;Колпашево;UTC+7;58.3114716;82.9027528;24126
403801;обл;Волгоградская;Котово;UTC+3;50.3205433;44.8031864;24104
453400;Респ;Башкортостан;Давлеканово;UTC+5;54.2227617;55.0313419;24040
646900;обл;Омская;Калачинск;UTC+6;55.0598547;74.5655075;24000
309070;обл;Белгородская;Строитель;UTC+3;50.7845571;36.4886619;23933
165150;обл;Архангельская;Вельск;UTC+3;61.0660057;42.1032858;23885
346630;обл;Ростовская;Семикаракорск;UTC+3;47.5177981;40.811585;23884
187330;обл;Ленинградская;Отрадное;UTC+3;59.772596;30.7988403;23874
369200;Респ;Карачаево-Черкесская;Карачаевск;UTC+3;43.773197;41.9143726;23848
692880;край;Приморский;Фокино;UTC+10;42.9707163;132.4110209;23683
671700;Респ;Бурятия;Северобайкальск;UTC+8;55.6357165;109.3362606;23673
157500;обл;Костромская;Шарья;UTC+3;58.3761832;45.4060762;23668
612740;обл;Кировская;Омутнинск;UTC+3;58.6697684;52.1893554;23618
456040;обл;Челябинская;Усть-Катав;UTC+5;54.9261323;58.1528067;23586
171070;обл;Тверская;Бологое;UTC+3;57.885655;34.0536895;23499
296500;Респ;Крым;Саки;UTC+3;45.1342889;33.6032508;23400
143600;обл;Московская;Волоколамск;UTC+3;56.0358121;35.9585027;23386
629830;АО;Ямало-Ненецкий;Губкинский;UTC+5;64.4456575;76.4714559;23340
671160;Респ;Бурятия;Гусиноозерск;UTC+8;51.2865751;106.5230732;23280
652990;обл;Кемеровская;Таштагол;UTC+7;52.7594505;87.8477272;23114
184530;обл;Мурманская;Оленегорск;UTC+3;68.1422068;33.2670094;23079
694490;обл;Сахалинская;Оха;UTC+11;53.5868238;142.941221;23007
143070;обл;Московская;Кубинка;UTC+3;55.5755679;36.6952487;22918
684090;край;Камчатский;Вилючинск;UTC+12;52.930428;158.4057276;22905
172520;обл;Тверская;Нелидово;UTC+3;56.2232417;32.7766656;22886
157800;обл;Костромская;Нерехта;UTC+3;57.4543706;40.5725438;22817
682460;край;Хабаровский;Николаевск-на-Амуре;UTC+10;53.1461943;140.7109642;22773
617119;край;Пермский;Верещагино;UTC+5;58.0797908;54.6580948;22760
442150;обл;Пензенская;Нижний Ломов;UTC+3;53.5301274;43.6729216;22678
141150;обл;Московская;Лосино-Петровский;UTC+3;55.8714441;38.2005377;22550
357340;край;Ставропольский;Лермонтов;UTC+3;44.1052526;42.9731433;22540
665770;обл;Иркутская;Вихоревка;UTC+8;56.1207708;101.170332;22528
442317;обл;Пензенская;Никольск;UTC+3;53.7138397;46.079962;22471
296012;Респ;Крым;Армянск;UTC+3;46.1059247;33.6910325;22468
618120;край;Пермский;Оса;UTC+5;57.2889992;55.4688982;22420
346310;обл;Ростовская;Зверево;UTC+3;48.043451;40.1264948;22416
164200;обл;Архангельская;Няндома;UTC+3;61.6653735;40.2061699;22354
647000;край;Красноярский;Дудинка;UTC+7;69.4031339;86.1908135;22207
142530;обл;Московская;Электрогорск;UTC+3;55.8778573;38.7805239;22120
423930;Респ;Татарстан;Бавлы;UTC+3;54.4063588;53.2457946;22109
423650;Респ;Татарстан;Менделеевск;UTC+3;55.8950646;52.3144177;22075
624140;обл;Свердловская;Кировград;UTC+5;57.4298451;60.0623588;21959
652740;обл;Кемеровская;Калтан;UTC+7;53.5210461;87.2772143;21893
606210;обл;Нижегородская;Лысково;UTC+3;56.0262298;45.0356702;21882
142450;обл;Московская;Старая Купавна;UTC+3;55.8038411;38.1426144;21859
142620;обл;Московская;Куровское;UTC+3;55.5791491;38.9208543;21821
391960;обл;Рязанская;Ряжск;UTC+3;53.7067718;40.0521358;21676
181353;обл;Псковская;Остров;UTC+3;57.3452408;28.3437107;21670
141370;обл;Московская;Хотьково;UTC+3;56.2515725;37.9395225;21612
624220;обл;Свердловская;Нижняя Тура;UTC+5;58.6310942;59.8521265;21596
352680;край;Краснодарский;Хадыженск;UTC+3;44.412303;39.5319151;21580
187600;обл;Ленинградская;Пикалево;UTC+3;59.5130655;34.1773982;21567
633450;обл;Новосибирская;Тогучин;UTC+7;55.2250038;84.4103867;21531
307750;обл;Курская;Льгов;UTC+3;51.6596935;35.2611592;21452
413500;обл;Саратовская;Ершов;UTC+4;51.3508407;48.2763313;21447
607510;обл;Нижегородская;Сергач;UTC+3;55.5200364;45.4813193;21387
238340;обл;Калининградская;Светлый;UTC+2;54.6774051;20.1356625;21380
164840;обл;Архангельская;Онега;UTC+3;63.9163966;38.0805749;21359
606910;обл;Нижегородская;Шахунья;UTC+3;57.6764773;46.6129673;21337
431350;Респ;Мордовия;Ковылкино;UTC+3;54.0391464;43.9191229;21307
166000;АО;Ненецкий;Нарьян-Мар;UTC+3;67.6381525;53.0069336;21296
678900;Респ;Саха /Якутия/;Алдан;UTC+9;58.6094885;125.3816689;21277
140730;обл;Московская;Рошаль;UTC+3;55.6632504;39.8655434;21265
425350;Респ;Марий Эл;Козьмодемьянск;UTC+3;56.333346;46.5466282;21262
140170;обл;Московская;Бронницы;UTC+3;55.4255534;38.2640794;21102
399850;обл;Липецкая;Данков;UTC+3;53.25769;39.1457625;21056
187700;обл;Ленинградская;Лодейное Поле;UTC+3;60.7320564;33.5522225;21053
662060;край;Красноярский;Боготол;UTC+7;56.209881;89.5300182;21029
361621;Респ;Кабардино-Балкарская;Тырныауз;UTC+3;43.3981939;42.9215127;21000
399610;обл;Липецкая;Лебедянь;UTC+3;53.0156678;39.143498;20991
142432;обл;Московская;Черноголовка;UTC+3;56.0100909;38.3792328;20986
456900;обл;Челябинская;Бакал;UTC+5;54.9406759;58.8051085;20953
363240;Респ;Северная Осетия - Алания;Алагир;UTC+3;43.0416151;44.2198622;20949
461743;обл;Оренбургская;Абдулино;UTC+5;53.6778096;53.6473115;20663
624021;обл;Свердловская;Сысерть;UTC+5;56.50052;60.8190708;20594
404410;обл;Волгоградская;Суровикино;UTC+3;48.6189756;42.8541308;20527
676770;обл;Амурская;Райчихинск;UTC+9;49.7941882;129.4112149;20499
404350;обл;Волгоградская;Котельниково;UTC+3;47.6310808;43.1331198;20441
629850;АО;Ямало-Ненецкий;Тарко-Сале;UTC+5;64.9117649;77.7610204;20372
624070;обл;Свердловская;Среднеуральск;UTC+5;56.991883;60.4771953;20357
422430;Респ;Татарстан;Буинск;UTC+3;54.9641106;48.2900576;20342
628160;АО;Ханты-Мансийский Автономный округ - Югра;Белоярский;UTC+5;63.712181;66.6772357;20283
618350;край;Пермский;Кизел;UTC+5;59.0511764;57.6471214;20277
347540;обл;Ростовская;Пролетарск;UTC+3;46.7038968;41.7274533;20267
188320;обл;Ленинградская;Коммунар;UTC+3;59.6215929;30.393466;20265
142290;обл;Московская;Пущино;UTC+3;54.832521;37.6210428;20263
142455;обл;Московская;Электроугли;UTC+3;55.7170329;38.2194049;20120
397600;обл;Воронежская;Калач;UTC+3;50.4241213;41.0162858;20046
671840;Респ;Бурятия;Кяхта;UTC+8;50.3466291;106.4534938;20013
676301;обл;Амурская;Шимановск;UTC+9;52.0052856;127.7006559;19815
397700;обл;Воронежская;Бобров;UTC+3;51.0902048;40.0320014;19738
242500;обл;Брянская;Карачев;UTC+3;53.1297194;34.9887859;19715
601800;обл;Владимирская;Юрьев-Польский;UTC+3;56.4938067;39.6679311;19588
309640;обл;Белгородская;Новый Оскол;UTC+3;50.7635162;37.8774026;19530
601201;обл;Владимирская;Собинка;UTC+3;55.993798;40.0180034;19482
633520;обл;Новосибирская;Черепаново;UTC+7;54.2206974;83.3724392;19346
187026;обл;Ленинградская;Никольское;UTC+3;59.7042633;30.7874879;19345
391160;обл;Рязанская;Новомичуринск;UTC+3;54.0377979;39.7467023;19309
422230;Респ;Татарстан;Агрыз;UTC+3;56.5232645;52.994257;19299
186790;Респ;Карелия;Сортавала;UTC+3;61.7032216;30.6917021;19215
361200;Респ;Кабардино-Балкарская;Терек;UTC+3;43.4838439;44.1402524;19170
617000;край;Пермский;Нытва;UTC+5;57.9337429;55.3357261;19041
243240;обл;Брянская;Стародуб;UTC+3;52.5851881;32.7603628;19010
301430;обл;Тульская;Суворов;UTC+3;54.1345367;36.4806933;18975
188760;обл;Ленинградская;Приозерск;UTC+3;61.03313;30.15876;18929
184144;обл;Мурманская;Ковдор;UTC+3;67.5661466;30.4742082;18836
456940;обл;Челябинская;Куса;UTC+5;55.3385156;59.4386474;18792
363330;Респ;Северная Осетия - Алания;Ардон;UTC+3;43.1756719;44.2955701;18774
663150;край;Красноярский;Енисейск;UTC+7;58.4485234;92.165237;18769
399341;обл;Липецкая;Усмань;UTC+3;52.0444165;39.7264516;18752
446600;обл;Самарская;Нефтегорск;UTC+4;52.797259;51.1637126;18732
187780;обл;Ленинградская;Подпорожье;UTC+3;60.9127463;34.1567832;18729
673002;край;Забайкальский;Петровск-Забайкальский;UTC+9;51.2748381;108.8467139;18555
433030;обл;Ульяновская;Инза;UTC+4;53.8550467;46.3532786;18547
665902;обл;Иркутская;Слюдянка;UTC+8;51.6562679;103.7186877;18542
143360;обл;Московская;Апрелевка;UTC+3;55.5276336;37.0651105;18467
391110;обл;Рязанская;Рыбное;UTC+3;54.7255937;39.513438;18378
623640;обл;Свердловская;Талица;UTC+5;57.0123359;63.7322467;18339
242700;обл;Брянская;Жуковка;UTC+3;53.5341219;33.7302166;18269
600910;обл;Владимирская;Радужный;UTC+3;55.9961034;40.3323247;18212
416010;обл;Астраханская;Харабали;UTC+4;47.4089187;47.2524467;18209
249720;обл;Калужская;Козельск;UTC+3;54.0348417;35.7807136;18203
297600;Респ;Крым;Белогорск;UTC+3;45.0571581;34.5998775;18199
422000;Респ;Татарстан;Арск;UTC+3;56.0913636;49.8770441;18114
658837;край;Алтайский;Яровое;UTC+7;52.9251728;78.5729898;18085
172730;обл;Тверская;Осташков;UTC+3;57.1457205;33.1116707;18073
623900;обл;Свердловская;Туринск;UTC+5;58.0394258;63.698142;17990
361400;Респ;Кабардино-Балкарская;Чегем;UTC+3;43.5672039;43.5865338;17988
624740;обл;Свердловская;Нижняя Салда;UTC+5;58.0749243;60.7026555;17969
243400;обл;Брянская;Почеп;UTC+3;52.9154724;33.4744608;17933
241550;обл;Брянская;Сельцо;UTC+3;53.3738801;34.1059226;17933
347250;обл;Ростовская;Константиновск;UTC+3;47.5773456;41.0967362;17926
403950;обл;Волгоградская;Новоаннинский;UTC+3;50.5296873;42.6666038;17911
641100;обл;Курганская;Шумиха;UTC+5;55.2281833;63.2902391;17821
152240;обл;Ярославская;Гаврилов-Ям;UTC+3;57.3091552;39.8545157;17792
624590;обл;Свердловская;Ивдель;UTC+5;60.6944353;60.4244661;17764
601120;обл;Владимирская;Покров;UTC+3;55.9167118;39.1733641;17762
453630;Респ;Башкортостан;Баймак;UTC+5;52.5912632;58.3111995;17710
397350;обл;Воронежская;Поворино;UTC+3;51.1953446;42.2472432;17692
456110;обл;Челябинская;Катав-Ивановск;UTC+5;54.7520187;58.1983706;17640
157300;обл;Костромская;Мантурово;UTC+3;58.3264667;44.7575036;17479
143040;обл;Московская;Голицыно;UTC+3;55.6189762;36.9855559;17447
663980;край;Красноярский;Бородино;UTC+7;55.9054308;94.9021138;17423
453570;Респ;Башкортостан;Межгорье;UTC+5;54.239683;57.96146;17353
157200;обл;Костромская;Галич;UTC+3;58.3826861;42.3654563;17346
457020;обл;Челябинская;Пласт;UTC+5;54.3691832;60.8152305;17344
184650;обл;Мурманская;Полярный;UTC+3;69.1988373;33.4509985;17304
612260;обл;Кировская;Яранск;UTC+3;57.304195;47.8479185;17252
393360;обл;Тамбовская;Кирсанов;UTC+3;52.650594;42.7284872;17240
682970;край;Хабаровский;Бикин;UTC+10;46.8186244;134.2551046;17156
433750;обл;Ульяновская;Барыш;UTC+4;53.6534563;47.1180805;17149
618590;край;Пермский;Красновишерск;UTC+5;60.3902242;57.0537244;17129
655750;Респ;Хакасия;Абаза;UTC+7;52.6517296;90.0885929;17111
156901;обл;Костромская;Волгореченск;UTC+3;57.4423712;41.1593076;17108
641430;обл;Курганская;Куртамыш;UTC+5;54.9368491;64.4203009;17098
628661;АО;Ханты-Мансийский Автономный округ - Югра;Покачи;UTC+5;61.7421977;75.5942069;17053
306509;обл;Курская;Щигры;UTC+3;51.8787808;36.8910674;17043
413360;обл;Саратовская;Новоузенск;UTC+4;50.4551744;48.1412622;17015
456833;обл;Челябинская;Касли;UTC+5;55.8868045;60.7422529;16998
633340;обл;Новосибирская;Болотное;UTC+7;55.6693773;84.3906599;16969
403790;обл;Волгоградская;Жирновск;UTC+3;50.9767561;44.7857694;16890
301030;обл;Тульская;Ясногорск;UTC+3;54.4795178;37.689669;16804
155550;обл;Ивановская;Приволжск;UTC+3;57.3807249;41.2809239;16749
249830;обл;Калужская;Кондрово;UTC+3;54.796051;35.9276099;16672
187650;обл;Ленинградская;Бокситогорск;UTC+3;59.4735032;33.8456521;16593
613341;обл;Кировская;Советск;UTC+3;57.5841434;48.9589228;16592
423700;Респ;Татарстан;Мензелинск;UTC+3;55.7270908;53.1005321;16474
694240;обл;Сахалинская;Поронайск;UTC+11;49.2387983;143.1007104;16461
412480;обл;Саратовская;Калининск;UTC+4;51.4992917;44.4710177;16442
607100;обл;Нижегородская;Навашино;UTC+3;55.5439105;42.1887734;16413
143180;обл;Московская;Звенигород;UTC+3;55.7296168;36.8552843;16395
452920;Респ;Башкортостан;Агидель;UTC+5;55.89976;53.9221149;16365
182500;обл;Псковская;Невель;UTC+3;56.0201544;29.9240505;16324
249270;обл;Калужская;Сухиничи;UTC+3;54.0973787;35.3443077;16295
416340;обл;Астраханская;Камызяк;UTC+4;46.1105429;48.0732724;16291
301470;обл;Тульская;Плавск;UTC+3;53.7095993;37.2863144;16248
171640;обл;Тверская;Кашин;UTC+3;57.3600486;37.6118674;16174
174210;обл;Новгородская;Чудово;UTC+3;59.1247477;31.6865406;16148
663800;край;Красноярский;Иланский;UTC+7;56.2374163;96.0672656;16108
175400;обл;Новгородская;Валдай;UTC+3;57.9822906;33.2369492;16099
462780;обл;Оренбургская;Ясный;UTC+5;51.0369499;59.8743256;16082
662251;край;Красноярский;Ужур;UTC+7;55.3141977;89.8333827;16079
433300;обл;Ульяновская;Новоульяновск;UTC+4;54.1447691;48.3911701;16032
404160;обл;Волгоградская;Краснослободск;UTC+3;48.7068777;44.5631799;16007
404260;обл;Волгоградская;Палласовка;UTC+3;50.0501422;46.8803355;15984
188990;обл;Ленинградская;Светогорск;UTC+3;61.1112679;28.8726666;15973
174510;обл;Новгородская;Пестово;UTC+3;58.5973944;35.8144523;15911
152070;обл;Ярославская;Данилов;UTC+3;58.1859542;40.1796765;15861
184430;обл;Мурманская;Заполярный;UTC+3;69.413232;30.7985332;15835
601240;обл;Владимирская;Лакинск;UTC+3;56.0180614;39.9564706;15707
307370;обл;Курская;Рыльск;UTC+3;51.568165;34.6802178;15667
186350;Респ;Карелия;Медвежьегорск;UTC+3;62.9127678;34.4567614;15536
162000;обл;Вологодская;Грязовец;UTC+3;58.8757657;40.248477;15528
404620;обл;Волгоградская;Ленинск;UTC+3;48.6936234;45.1992835;15527
623270;обл;Свердловская;Дегтярск;UTC+5;56.7048199;60.0792227;15521
632730;обл;Новосибирская;Купино;UTC+7;54.3660317;77.2972969;15448
298000;Респ;Крым;Судак;UTC+3;44.8505913;34.9761591;15368
666901;обл;Иркутская;Бодайбо;UTC+8;57.8468822;114.1867148;15331
301320;обл;Тульская;Венев;UTC+3;54.3542431;38.2642325;15220
393670;обл;Тамбовская;Жердевка;UTC+3;51.8421783;41.4617407;15211
602101;обл;Владимирская;Меленки;UTC+3;55.3387017;41.634124;15208
601140;обл;Владимирская;Петушки;UTC+3;55.9297657;39.4507913;15167
184230;обл;Мурманская;Полярные Зори;UTC+3;67.3730192;32.497541;15106
404030;обл;Волгоградская;Николаевск;UTC+3;50.0166952;45.4733204;15081
659900;край;Алтайский;Белокуриха;UTC+7;51.9960534;84.9840343;15072
347320;обл;Ростовская;Цимлянск;UTC+3;47.6477668;42.093022;15029
618320;край;Пермский;Александровск;UTC+5;59.1613773;57.5764851;15022
242220;обл;Брянская;Трубчевск;UTC+3;52.5791314;33.7660013;15014
617140;край;Пермский;Очер;UTC+5;57.8851991;54.7161756;15003
673400;край;Забайкальский;Нерчинск;UTC+9;51.9595512;116.5854018;14976
607800;обл;Нижегородская;Лукоянов;UTC+3;55.0327349;44.4933829;14949
601640;обл;Владимирская;Карабаново;UTC+3;56.3133447;38.7034267;14868
663491;край;Красноярский;Кодинск;UTC+7;58.6033961;99.1797563;14835
169200;Респ;Коми;Емва;UTC+3;62.5965314;50.8731889;14574
607751;обл;Нижегородская;Первомайск;UTC+3;54.8676182;43.8012829;14567
682950;край;Хабаровский;Вяземский;UTC+10;47.5354416;134.7553701;14556
456020;обл;Челябинская;Сим;UTC+5;54.9906584;57.6899045;14465
422190;Респ;Татарстан;Мамадыш;UTC+3;55.7149876;51.4128614;14432
413230;обл;Саратовская;Красный Кут;UTC+4;50.9596867;46.9712472;14420
601670;обл;Владимирская;Струнино;UTC+3;56.3750001;38.583938;14372
404002;обл;Волгоградская;Дубовка;UTC+3;49.0555342;44.8270813;14345
359220;Респ;Калмыкия;Лагань;UTC+3;45.3929617;47.3432943;14323
624000;обл;Свердловская;Арамиль;UTC+5;56.6945341;60.8343825;14227
155630;обл;Ивановская;Южа;UTC+3;56.5926458;42.0457159;14170
141320;обл;Московская;Пересвет;UTC+3;56.4158828;38.1733567;14142
641700;обл;Курганская;Катайск;UTC+5;56.2908118;62.5800669;14017
601480;обл;Владимирская;Гороховец;UTC+3;56.2021059;42.692517;14015
673303;край;Забайкальский;Шилка;UTC+9;51.8495302;116.033575;13947
301530;обл;Тульская;Белев;UTC+3;53.8113348;36.1383153;13918
641730;обл;Курганская;Далматово;UTC+5;56.2621393;62.9387378;13913
238210;обл;Калининградская;Гвардейск;UTC+2;54.6588981;21.0500584;13888
242610;обл;Брянская;Фокино;UTC+3;53.4554552;34.4158537;13874
171571;обл;Тверская;Калязин;UTC+3;57.2579471;37.7821253;13870
141900;обл;Московская;Талдом;UTC+3;56.7308993;37.5276414;13819
187420;обл;Ленинградская;Сясьстрой;UTC+3;60.1402454;32.5602015;13747
665420;обл;Иркутская;Свирск;UTC+8;53.0842576;103.3364192;13649
665930;обл;Иркутская;Байкальск;UTC+8;51.5231282;104.1485752;13589
306230;обл;Курская;Обоянь;UTC+3;51.212012;36.275425;13562
143100;обл;Московская;Руза;UTC+3;55.7015302;36.1960043;13495
429900;Чувашия;Чувашская Республика;Цивильск;UTC+3;55.8650132;47.472967;13478
668050;Респ;Тыва;Ак-Довурак;UTC+7;51.1785658;90.5984511;13469
141321;обл;Московская;Краснозаводск;UTC+3;56.4408723;38.2320671;13432
187320;обл;Ленинградская;Шлиссельбург;UTC+3;59.9443923;31.0334136;13305
403840;обл;Волгоградская;Петров Вал;UTC+3;50.1380355;45.2091455;13264
141840;обл;Московская;Яхрома;UTC+3;56.2889858;37.4831016;13248
673730;край;Забайкальский;Могоча;UTC+9;53.7362465;119.7661232;13228
412780;обл;Саратовская;Хвалынск;UTC+4;52.4950057;48.1045147;13199
456140;обл;Челябинская;Карабаш;UTC+5;55.4852076;60.2358959;13151
601300;обл;Владимирская;Камешково;UTC+3;56.3488712;40.9955682;13113
186610;Респ;Карелия;Кемь;UTC+3;64.9543657;34.5948547;13061
689000;АО;Чукотский;Анадырь;UTC+12;64.7314347;177.5015752;13053
658420;край;Алтайский;Горняк;UTC+7;50.9979032;81.4643059;13040
172840;обл;Тверская;Торопец;UTC+3;56.5011791;31.6354366;13018
238326;обл;Калининградская;Зеленоградск;UTC+2;54.9600226;20.4753274;13015
412210;обл;Саратовская;Аркадак;UTC+4;51.9387813;43.4997558;12846
184682;обл;Мурманская;Снежногорск;UTC+3;69.1921469;33.2382821;12698
385200;Респ;Адыгея;Адыгейск;UTC+3;44.8783715;39.190172;12689
663920;край;Красноярский;Уяр;UTC+7;55.8131698;94.3282148;12666
391200;обл;Рязанская;Кораблино;UTC+3;53.9245422;40.0227867;12657
399900;обл;Липецкая;Чаплыгин;UTC+3;53.2404794;39.9671563;12656
666700;обл;Иркутская;Киренск;UTC+8;57.7757126;108.1107766;12652
678188;Респ;Саха /Якутия/;Удачный;UTC+9;66.4072367;112.3061653;12611
456120;обл;Челябинская;Юрюзань;UTC+5;54.8546372;58.4227116;12568
673450;край;Забайкальский;Балей;UTC+9;51.5822063;116.6380088;12536
174350;обл;Новгородская;Окуловка;UTC+3;58.3908717;33.2902474;12464
174260;обл;Новгородская;Малая Вишера;UTC+3;58.8458076;32.2247984;12461
456971;обл;Челябинская;Нязепетровск;UTC+5;56.0537199;59.6096791;12452
238300;обл;Калининградская;Гурьевск;UTC+2;54.7705368;20.6039109;12433
624400;обл;Свердловская;Новая Ляля;UTC+5;59.053961;60.5945405;12400
249710;обл;Калужская;Сосенский;UTC+3;54.056525;35.9621458;12394
606540;обл;Нижегородская;Чкаловск;UTC+3;56.7651549;43.2420193;12371
169570;Респ;Коми;Вуктыл;UTC+3;63.8615209;57.3165207;12357
618820;край;Пермский;Горнозаводск;UTC+5;58.3743406;58.3230329;12334
606803;обл;Нижегородская;Урень;UTC+3;57.4612547;45.783394;12311
181502;обл;Псковская;Печоры;UTC+3;57.8146689;27.6222823;12308
249010;обл;Калужская;Боровск;UTC+3;55.2130965;36.4927446;12283
171210;обл;Тверская;Лихославль;UTC+3;57.122256;35.4667886;12259
694051;обл;Сахалинская;Долинск;UTC+11;47.3255903;142.7945985;12200
188410;обл;Ленинградская;Волосово;UTC+3;59.4445107;29.492277;12162
249190;обл;Калужская;Жуков;UTC+3;55.0301386;36.7393279;12150
655111;Респ;Хакасия;Сорск;UTC+7;54.0001451;90.2595674;12140
646100;обл;Омская;Называевск;UTC+6;55.5688811;71.3502572;12119
162480;обл;Вологодская;Бабаево;UTC+3;59.389309;35.9378318;12074
646330;обл;Омская;Тюкалинск;UTC+6;55.8705121;72.1956156;12050
155410;обл;Ивановская;Заволжск;UTC+3;57.4916546;42.1374455;12045
632550;обл;Новосибирская;Чулым;UTC+7;55.0906205;80.9592152;11964
612990;обл;Кировская;Сосновка;UTC+3;56.2533149;51.2833412;11960
425060;Респ;Марий Эл;Звенигово;UTC+3;55.9739374;48.0170276;11945
694920;обл;Сахалинская;Углегорск;UTC+11;49.0816311;142.0693033;11880
601351;обл;Владимирская;Судогда;UTC+3;55.949897;40.8563392;11848
624160;обл;Свердловская;Верхний Тагил;UTC+5;57.3762768;59.9516521;11843
142660;обл;Московская;Дрезна;UTC+3;55.7442991;38.8499228;11815
396790;обл;Воронежская;Богучар;UTC+3;49.9352997;40.5592467;11811
238710;обл;Калининградская;Неман;UTC+2;55.0315543;22.0323961;11794
391710;обл;Рязанская;Михайлов;UTC+3;54.2296493;39.0090857;11783
694740;обл;Сахалинская;Невельск;UTC+11;46.6527314;141.8631741;11682
243500;обл;Брянская;Сураж;UTC+3;53.0171239;32.3938351;11640
606120;обл;Нижегородская;Ворсма;UTC+3;55.9900425;43.2719879;11622
249185;обл;Калужская;Кременки;UTC+3;54.8863306;37.116878;11617
182333;обл;Псковская;Опочка;UTC+3;56.7107956;28.6717455;11601
422370;Респ;Татарстан;Тетюши;UTC+3;54.936575;48.8314915;11596
673200;край;Забайкальский;Хилок;UTC+9;51.3635236;110.458989;11530
299703;г;Севастополь;Инкерман;UTC+3;44.6135153;33.6100739;11526
186810;Респ;Карелия;Питкяранта;UTC+3;61.5756886;31.4641309;11484
676870;обл;Амурская;Завитинск;UTC+9;50.1064678;129.4392897;11481
303140;обл;Орловская;Болхов;UTC+3;53.4440204;36.0076969;11421
397030;обл;Воронежская;Эртиль;UTC+3;51.831024;40.8074054;11387
416111;обл;Астраханская;Нариманов;UTC+4;46.6916597;47.8501624;11386
641640;обл;Курганская;Петухово;UTC+5;55.0649932;67.8874369;11291
613980;обл;Кировская;Луза;UTC+3;60.6290781;47.2612069;11262
671950;Респ;Бурятия;Закаменск;UTC+8;50.3726774;103.2867452;11249
613200;обл;Кировская;Белая Холуница;UTC+3;58.8415212;50.8461002;11232
186500;Респ;Карелия;Беломорск;UTC+3;64.5378468;34.7799717;11217
623090;обл;Свердловская;Нижние Серги;UTC+5;56.6544606;59.2952291;11217
184310;обл;Мурманская;Заозерск;UTC+3;69.4003895;32.4502225;11206
612410;обл;Кировская;Зуевка;UTC+3;58.4031674;51.1330787;11198
298213;Респ;Крым;Щелкино;UTC+3;45.4289847;35.8251329;11194
184670;обл;Мурманская;Гаджиево;UTC+3;69.2490009;33.3152445;11089
427950;Респ;Удмуртская;Камбарка;UTC+4;56.2659745;54.1934153;11028
238590;обл;Калининградская;Пионерский;UTC+2;54.9516927;20.227697;11017
618270;край;Пермский;Гремячинск;UTC+5;58.5625603;57.8520073;11005
641010;обл;Курганская;Щучье;UTC+5;55.20883;62.7478475;10971
668210;Респ;Тыва;Шагонар;UTC+7;51.5347357;92.9199618;10958
363410;Респ;Северная Осетия - Алания;Дигора;UTC+3;43.1567386;44.1551132;10856
238560;обл;Калининградская;Светлогорск;UTC+2;54.9439566;20.1514789;10775
169060;Респ;Коми;Микунь;UTC+3;62.3580188;50.0719738;10732
215710;обл;Смоленская;Дорогобуж;UTC+3;54.9137794;33.3024596;10720
663960;край;Красноярский;Заозерный;UTC+7;55.9617268;94.7091037;10683
141650;обл;Московская;Высоковск;UTC+3;56.336141;36.5251316;10642
632400;обл;Новосибирская;Каргат;UTC+7;55.1943829;80.2831324;10620
694420;обл;Сахалинская;Александровск-Сахалинский;UTC+11;50.8973664;142.1579322;10613
182620;обл;Псковская;Порхов;UTC+3;57.7764223;29.5436424;10608
658480;край;Алтайский;Змеиногорск;UTC+7;51.1580235;82.1872476;10569
601291;обл;Владимирская;Суздаль;UTC+3;56.4273814;40.4525581;10535
162900;обл;Вологодская;Вытегра;UTC+3;61.0064157;36.4495835;10490
184380;обл;Мурманская;Кола;UTC+3;68.8785079;33.0262014;10447
612820;обл;Кировская;Кирс;UTC+3;59.3400586;52.2415895;10420
249026;обл;Калужская;Ермолино;UTC+3;55.1972714;36.5951966;10409
429430;Чувашия;Чувашская Республика;Козловка;UTC+3;55.8406526;48.2579372;10355
175040;обл;Новгородская;Сольцы;UTC+3;58.1201693;30.309285;10317
678200;Респ;Саха /Якутия/;Вилюйск;UTC+9;63.7517314;121.6272754;10233
613530;обл;Кировская;Уржум;UTC+3;57.1097612;50.0056278;10213
155830;обл;Ивановская;Наволоки;UTC+3;57.4678426;41.9607371;10207
155450;обл;Ивановская;Юрьевец;UTC+3;57.3178701;43.1110553;10205
456007;обл;Челябинская;Миньяр;UTC+5;55.0709601;57.5484435;10195
429570;Чувашия;Чувашская Республика;Мариинский Посад;UTC+3;56.111968;47.7142676;10186
678450;Респ;Саха /Якутия/;Нюрба;UTC+9;63.2828775;118.324325;10156
431260;Респ;Мордовия;Краснослободск;UTC+3;54.4248634;43.7845096;10151
164110;обл;Архангельская;Каргополь;UTC+3;61.5008762;38.9636415;10148
216330;обл;Смоленская;Ельня;UTC+3;54.5836832;33.1749566;10095
162250;обл;Вологодская;Харовск;UTC+3;59.9477728;40.2000794;10078
368890;Респ;Дагестан;Южно-Сухокумск;UTC+3;44.6600972;45.6499304;10048
216790;обл;Смоленская;Рудня;UTC+3;54.9441357;31.0794758;10029
624940;обл;Свердловская;Волчанск;UTC+5;59.9350515;60.0797964;10008
172110;обл;Тверская;Кувшиново;UTC+3;57.0263733;34.1676435;10008
606072;обл;Нижегородская;Володарск;UTC+3;56.2168974;43.1597623;9924
157331;обл;Костромская;Нея;UTC+3;58.2944499;43.8780965;9827
188490;обл;Ленинградская;Ивангород;UTC+3;59.3765845;28.2230504;9797
161300;обл;Вологодская;Тотьма;UTC+3;59.9735051;42.7589701;9784
186870;Респ;Карелия;Суоярви;UTC+3;62.0787769;32.3499029;9763
186150;Респ;Карелия;Пудож;UTC+3;61.8059147;36.5330088;9698
399200;обл;Липецкая;Задонск;UTC+3;52.4004611;38.9205772;9695
249100;обл;Калужская;Таруса;UTC+3;54.7236791;37.1670866;9656
301280;обл;Тульская;Болохово;UTC+3;54.0820644;37.826844;9619
161200;обл;Вологодская;Белозерск;UTC+3;60.0307914;37.7891123;9614
429060;Чувашия;Чувашская Республика;Ядрин;UTC+3;55.9406826;46.2020765;9614
359050;Респ;Калмыкия;Городовиковск;UTC+3;46.0875351;41.9354039;9565
676011;обл;Амурская;Сковородино;UTC+9;53.9871004;123.943729;9561
613440;обл;Кировская;Нолинск;UTC+3;57.5596946;49.9357867;9556
678000;Респ;Саха /Якутия/;Покровск;UTC+9;61.4843538;129.1482195;9495
678100;Респ;Саха /Якутия/;Олекминск;UTC+9;60.3758203;120.406013;9487
297345;Респ;Крым;Старый Крым;UTC+3;45.0290659;35.0900885;9485
162840;обл;Вологодская;Устюжна;UTC+3;58.8383671;36.4425046;9478
624320;обл;Свердловская;Верхняя Тура;UTC+5;58.3643839;59.8266854;9468
457670;обл;Челябинская;Верхнеуральск;UTC+5;53.8760587;59.2169071;9459
431860;Респ;Мордовия;Ардатов;UTC+3;54.8465693;46.2412736;9400
679100;Аобл;Еврейская;Облучье;UTC+10;49.0188344;131.0539984;9379
172610;обл;Тверская;Западная Двина;UTC+3;56.2568002;32.0805972;9376
403441;обл;Волгоградская;Серафимович;UTC+3;49.566286;42.7360013;9368
623080;обл;Свердловская;Михайловск;UTC+5;56.4369736;59.113865;9215
607400;обл;Нижегородская;Перевоз;UTC+3;55.596904;44.5450268;9201
601110;обл;Владимирская;Костерево;UTC+3;55.9336424;39.624822;9136
369210;Респ;Карачаево-Черкесская;Теберда;UTC+3;43.4438408;41.7414924;9097
182670;обл;Псковская;Дно;UTC+3;57.8269802;29.9629569;9061
186000;Респ;Карелия;Олонец;UTC+3;60.9793604;32.9726031;9060
668110;Респ;Тыва;Чадан;UTC+7;51.2844482;91.5789135;9037
665050;обл;Иркутская;Бирюсинск;UTC+8;55.9608611;97.8203624;8981
606860;обл;Нижегородская;Ветлуга;UTC+3;57.8558395;45.7762692;8956
187450;обл;Ленинградская;Новая Ладога;UTC+3;60.1100013;32.3141446;8890
624380;обл;Свердловская;Верхотурье;UTC+5;58.8621145;60.8104543;8815
216450;обл;Смоленская;Починок;UTC+3;54.4063031;32.4397914;8776
301264;обл;Тульская;Липки;UTC+3;53.9418109;37.7019452;8741
155150;обл;Ивановская;Комсомольск;UTC+3;57.0273907;40.3775952;8693
431430;Респ;Мордовия;Инсар;UTC+3;53.8770384;44.3696866;8687
422840;Респ;Татарстан;Болгар;UTC+3;54.9748862;49.0302977;8650
171360;обл;Тверская;Старица;UTC+3;56.514955;34.9335145;8610
155360;обл;Ивановская;Пучеж;UTC+3;56.982075;43.1683878;8583
442250;обл;Пензенская;Белинский;UTC+3;52.9641169;43.4185003;8567
161440;обл;Вологодская;Никольск;UTC+3;59.5350162;45.4575468;8515
298676;Респ;Крым;Ялта;UTC+3;44.416366;34.04455;8497
694030;обл;Сахалинская;Анива;UTC+11;46.7132526;142.5265052;8449
249160;обл;Калужская;Белоусово;UTC+3;55.0957679;36.6777239;8432
641600;обл;Курганская;Макушино;UTC+5;55.2154025;67.2452558;8337
249950;обл;Калужская;Медынь;UTC+3;54.9690755;35.887313;8298
612920;обл;Кировская;Малмыж;UTC+3;56.5243722;50.6782757;8265
172800;обл;Тверская;Андреаполь;UTC+3;56.6507072;32.2621196;8265
652770;обл;Кемеровская;Салаир;UTC+7;54.2351588;85.8029215;8263
182200;обл;Псковская;Новосокольники;UTC+3;56.3407627;30.1527712;8119
215279;обл;Смоленская;Сычевка;UTC+3;55.8307397;34.277868;8111
442310;обл;Пензенская;Городище;UTC+3;53.2727888;45.702731;8102
678953;Респ;Саха /Якутия/;Томмот;UTC+9;58.9586939;126.2875375;8054
243220;обл;Брянская;Мглин;UTC+3;53.0600644;32.8467217;7916
309910;обл;Белгородская;Бирюч;UTC+3;50.6483899;38.4006203;7842
186730;Респ;Карелия;Лахденпохья;UTC+3;61.5189466;30.199592;7818
238450;обл;Калининградская;Мамоново;UTC+2;54.4645591;19.9454114;7757
391050;обл;Рязанская;Спасск-Рязанский;UTC+3;54.4071497;40.3764367;7745
161100;обл;Вологодская;Кириллов;UTC+3;59.8590353;38.3749854;7735
422610;Респ;Татарстан;Лаишево;UTC+3;55.4042646;49.5498201;7735
307500;обл;Курская;Дмитриев;UTC+3;52.1269291;35.0739504;7721
216290;обл;Смоленская;Велиж;UTC+3;55.6058845;31.1857376;7620
618100;край;Пермский;Оханск;UTC+5;57.7178946;55.387153;7597
238630;обл;Калининградская;Полесск;UTC+2;54.8626321;21.0998148;7580
301205;обл;Тульская;Советск;UTC+3;53.9337099;37.6315517;7537
442600;обл;Пензенская;Спасск;UTC+3;53.927163;43.1860475;7442
216240;обл;Смоленская;Демидов;UTC+3;55.2682611;31.5062078;7333
171720;обл;Тверская;Весьегонск;UTC+3;58.6584004;37.2568605;7330
242440;обл;Брянская;Севск;UTC+3;52.1484215;34.4918198;7282
431220;Респ;Мордовия;Темников;UTC+3;54.6309086;43.2161785;7247
157460;обл;Костромская;Макарьев;UTC+3;57.8808916;43.8014428;7114
249910;обл;Калужская;Юхнов;UTC+3;54.7445873;35.2424857;7056
442300;обл;Пензенская;Сурск;UTC+3;53.0760597;45.6911897;7032
162341;обл;Вологодская;Красавино;UTC+3;60.9613991;46.481465;7003
612270;обл;Кировская;Орлов;UTC+3;58.5389402;48.8929268;6959
433380;обл;Ульяновская;Сенгилей;UTC+4;53.9590553;48.7767869;6959
172332;обл;Тверская;Зубцов;UTC+3;56.1760709;34.5825504;6937
673500;край;Забайкальский;Сретенск;UTC+9;52.2462356;117.7116971;6850
397400;обл;Воронежская;Новохоперск;UTC+3;51.0953461;41.6173714;6849
601570;обл;Владимирская;Курлово;UTC+3;55.4525994;40.6124362;6791
694140;обл;Сахалинская;Макаров;UTC+11;48.6236287;142.7803508;6788
188950;обл;Ленинградская;Каменногорск;UTC+3;60.9508768;29.1308061;6761
613710;обл;Кировская;Мураши;UTC+3;59.3956347;48.9637651;6752
665160;обл;Иркутская;Алзамай;UTC+8;55.5550493;98.6644106;6751
606340;обл;Нижегородская;Княгинино;UTC+3;55.8205157;45.0322947;6708
391550;обл;Рязанская;Шацк;UTC+3;54.0288845;41.7182108;6562
157170;обл;Костромская;Солигалич;UTC+3;59.0786729;42.2877245;6438
155000;обл;Ивановская;Гаврилов Посад;UTC+3;56.5585967;40.1228288;6434
238420;обл;Калининградская;Багратионовск;UTC+2;54.3866976;20.6418545;6399
182250;обл;Псковская;Себеж;UTC+3;56.2907663;28.4725735;6375
309370;обл;Белгородская;Грайворон;UTC+3;50.4862699;35.6662957;6234
676470;обл;Амурская;Циолковский;UTC+9;51.7624346;128.121972;6208
663200;край;Красноярский;Игарка;UTC+7;67.4667947;86.5814287;6183
188910;обл;Ленинградская;Приморск;UTC+3;60.3660787;28.6135962;6122
152850;обл;Ярославская;Пошехонье;UTC+3;58.506328;39.1210034;6085
412950;обл;Саратовская;Шиханы;UTC+4;52.1148241;47.2022928;6067
307800;обл;Курская;Суджа;UTC+3;51.1919711;35.2719619;6036
303240;обл;Орловская;Дмитровск;UTC+3;52.5053481;35.141535;5956
152830;обл;Ярославская;Мышкин;UTC+3;57.7881664;38.4542816;5932
391030;обл;Рязанская;Спас-Клепики;UTC+3;55.1291472;40.1745036;5917
309210;обл;Белгородская;Короча;UTC+3;50.8130123;37.1896543;5877
686314;обл;Магаданская;Сусуман;UTC+11;62.7804628;148.154033;5865
181410;обл;Псковская;Пыталово;UTC+3;57.0637109;27.9234759;5826
165160;обл;Архангельская;Шенкурск;UTC+3;62.1057423;42.89959;5702
618460;край;Пермский;Усолье;UTC+5;59.4279356;56.6837783;5694
171660;обл;Тверская;Красный Холм;UTC+3;58.0570193;37.1125975;5608
249340;обл;Калужская;Жиздра;UTC+3;53.7522384;34.7386719;5585
152470;обл;Ярославская;Любим;UTC+3;58.3619868;40.6869581;5553
243600;обл;Брянская;Злынка;UTC+3;52.4265906;31.7360386;5507
689450;АО;Чукотский;Билибино;UTC+12;68.0585533;166.4388451;5504
307100;обл;Курская;Фатеж;UTC+3;52.0918591;35.8538912;5404
143330;обл;Московская;Верея;UTC+3;55.3674668;36.1563083;5368
157130;обл;Костромская;Чухлома;UTC+3;58.7534246;42.6883783;5209
668510;Респ;Тыва;Туран;UTC+7;52.144932;93.9172495;4988
618601;край;Пермский;Чердынь;UTC+5;60.4011184;56.4801391;4920
249610;обл;Калужская;Спас-Деменск;UTC+3;54.4099201;34.0190263;4904
162107;обл;Вологодская;Кадников;UTC+3;59.5037947;40.3440473;4797
238120;обл;Калининградская;Озерск;UTC+2;54.4084804;22.013508;4740
182300;обл;Псковская;Пустошка;UTC+3;56.3375131;29.3668243;4619
238600;обл;Калининградская;Славск;UTC+2;55.0451054;21.6742294;4614
238010;обл;Калининградская;Нестеров;UTC+2;54.6314454;22.5713658;4584
671230;Респ;Бурятия;Бабушкин;UTC+8;51.7113066;105.8673633;4542
694820;обл;Сахалинская;Томари;UTC+11;47.7619957;142.061508;4537
181600;обл;Псковская;Гдов;UTC+3;58.7432585;27.8263328;4379
216200;обл;Смоленская;Духовщина;UTC+3;55.1950509;32.4012351;4370
238400;обл;Калининградская;Правдинск;UTC+2;54.4430604;21.0083638;4323
249930;обл;Калужская;Мосальск;UTC+3;54.4825589;34.987206;4285
187050;обл;Ленинградская;Любань;UTC+3;59.3492573;31.2485276;4188
689400;АО;Чукотский;Певек;UTC+12;69.7018051;170.2999194;4161
249240;обл;Калужская;Мещовск;UTC+3;54.3191127;35.2816065;4101
617040;край;Пермский;Чермоз;UTC+5;58.7842527;56.1507562;4017
303370;обл;Орловская;Малоархангельск;UTC+3;52.4001151;36.5037931;3872
175270;обл;Новгородская;Холм;UTC+3;57.1451036;31.1787812;3829
303500;обл;Орловская;Новосиль;UTC+3;52.9747225;37.0438402;3799
238460;обл;Калининградская;Ладушкин;UTC+2;54.5693538;20.1691909;3788
172530;обл;Тверская;Белый;UTC+3;55.8337663;32.9388976;3771
182440;обл;Псковская;Новоржев;UTC+3;57.0298332;29.343333;3695
164750;обл;Архангельская;Мезень;UTC+3;65.8398386;44.2531865;3599
678790;Респ;Саха /Якутия/;Среднеколымск;UTC+11;67.4581664;153.7069511;3525
238730;обл;Калининградская;Краснознаменск;UTC+2;54.9452612;22.4928511;3522
157440;обл;Костромская;Кологрив;UTC+3;58.826988;44.3185323;3314
386001;Респ;Ингушетия;Магас;UTC+3;43.1686967;44.8130849;2505
165330;обл;Архангельская;Сольвычегодск;UTC+3;61.3318091;46.920351;2460
636615;обл;Томская;Кедровый;UTC+7;57.5618465;79.5678914;2451
694550;обл;Сахалинская;Северо-Курильск;UTC+11;50.6731056;156.1280722;2381
155555;обл;Ивановская;Плес;UTC+3;57.4605304;41.512301;2341
606125;обл;Нижегородская;Горбатов;UTC+3;56.1307901;43.0626829;2278
662951;край;Красноярский;Артемовск;UTC+7;54.3472901;93.4356543;2180
184640;обл;Мурманская;Островной;UTC+3;68.0509133;39.5076034;2177
694530;обл;Сахалинская;Курильск;UTC+11;45.2271915;147.8796713;2070
238510;обл;Калининградская;Приморск;UTC+2;54.7311185;19.9983108;1956
678530;Респ;Саха /Якутия/;Верхоянск;UTC+10;67.5500865;133.3907829;1311
188909;обл;Ленинградская;Высоцк;UTC+3;60.6296511;28.5709914;1244
301414;обл;Тульская;Чекалин;UTC+3;54.0985105;36.2474377;994
420500;Респ;Татарстан;Иннополис;UTC+3;55.7521544;48.7446161;
